transaction_id,account_id,transaction_date,transaction_type,description,transaction_amount,transaction_reference_id,utr_number
292b8804-f789-48fa-bc05-7935551d77f6,86d4f7ef-e0d9-445c-be56-740288327998,2026-08-02 11:19:00.742411,debit,NEFT  - AUBL7701436 - 34957885 - 685574443135 - BHARTI AIRTEL LIMITED,1516.22,2337498941,H/EQDlga2t4Knbhq1nKHiPwh05ehMjeAJjZsSRk92EwN
7bb3b8e5-da05-455c-800a-e8fd17ba6be9,7f325976-2dd9-4e47-8052-ae9e2a26601d,2025-11-06 21:07:52.068517,debit,NEFT/400842710947/AUBL/LIC OF INDIA,18214.06,,
96bb07f9-4d2b-40bb-a4ec-59eeeaea4c59,1354136a-44db-426e-af7e-1d4bbb105b56,2026-07-24 13:18:45.296451,debit,NEFT  - ICIC9022941 - 31869993 - 867749649909 - AMAZON RETAIL INDIA,43224.84,3412328120,achgPnXpLMg8kfzxiRtzfq2Alamha6i4AUQk7E3pYBAuKBxCHqLd
f3cab30f-c03b-4cbd-a271-7df82d706229,8b947903-09ec-4423-a804-386501211d7d,2026-06-06 20:58:17.190305,debit,NEFT  - UTIB4936183 - 24210249 - 947174648877 - TATA POWER COMPANY LIMITED,18828.71,013990490,daLKSy0N3IIOXI/HP1eaFNTBhwExkp5bmTtdx0Q=
73fa9b83-4eb7-423c-abdc-3c9cf8667f8f,57631ab4-2754-457b-a416-ee6e248c90e8,2026-07-02 12:33:23.652878,debit,R/RATNR57175655125674/ZBFLCTP680PBL71545168//GST PAYMENT NETWORK/RATNR57175655125674 /GST PAYMENT NETWORK,415965.06,,97Zke3Ct8AxffefA5Sj5NO5gNuWPov6+iQP4GcPAloPnE8Swgqs=
263c9073-0d18-401e-bf31-36efa500aeb2,0743cf10-caee-4d46-97d1-adcaf7bfe4fe,2026-01-21 19:21:59.825981,debit,NEFT  - HDFC3482477 - 10932480 - 861317127484 - BHARTI AIRTEL LIMITED,4031.67,378263982,Zg9/tqpVCcFaXLqGsToLWv5vVOEYLvTbEv/WORNO93Q=
e87823cc-8ba7-4f82-be55-3453341a97bc,5acdb0c3-3f13-4e20-80d0-5c0abeafe36e,2025-10-31 21:55:34.037642,debit,UPI-IRCTC-XXXXXX0449-RATN7278755-886753396360-576627028951718702,2636.88,17459615,qjAzFlSndoC5qItnRTWGRaYgTeRvKVbPqLSQ2pQ3H1Bu6Amp
f530bb6d-8c4a-4ab7-80ca-356d21ced052,8b947903-09ec-4423-a804-386501211d7d,2025-11-24 11:04:28.991151,debit,NEFT  - UTIB4316117 - 24005045 - 562386922219 - ICICI PRUDENTIAL MF,87729.76,79237474,DzSAIfxoLmeowPu+5WwiuBDnGSdv9ODXUi1a5NzauxlIFwIxyTM=
78ea3a45-ecfe-4746-bc19-f0afcb0a26d7,68f56938-d9bc-4bb9-a4ee-c06ff4db66bd,2025-10-25 15:47:55.355168,debit,UPI-SWIGGY INDIA-XXXXXX6474-UTIB6713695-944064090974-395339421047095214,819.77,28588424,Pu9xXynFdwFh/iKT4V5cE35rp9UcgIJ09W6fjNsXY10kJVLhkNli
41e74951-dfb6-424f-ae48-7cffcfcc6802,5fd35d6c-7bd8-47d7-9b0c-ce852e0a9f93,2026-05-07 18:29:23.703055,debit,NEFT  - ICIC2368516 - 04817549 - 651370985931 - UMANG SELECTION,26509.95,4612004711,
85c284d3-0e35-415c-be1f-91963a1ae649,2dcf9d25-1ad7-4b16-812e-6dec52d96340,2026-08-23 12:41:40.626152,debit,NEFT/926179640537/AUBL/LIC OF INDIA,33516.66,58506431,zh7XGyLYnQ0ohQ0swbuVa/2gWtLUO5rYzDKG//eE7f0FrCfJAVE=
b0c82b4e-46e1-42e8-9b20-8dd515474d07,5a85fc4d-6354-4499-a3df-d031173d899a,2026-06-03 17:32:37.114351,debit,FT -  53293183 -  93352904228421 - SELECTION ELECTRONICS,248396.81,95024026,xsV+X5dNJdAdrNhdzjH+pdZIeHOhe8lh4hY=
dcfef97e-2e31-4a94-8998-e47657841273,22082ad1-5884-4501-9b15-046767dc7d9d,2026-07-21 16:42:16.392483,debit,NEFT  - RATN0847007 - 66177115 - 921249985698 - TATA POWER COMPANY LIMITED,6718.36,1836736576,cdz4VHd/LKEiim615fgxqGCdb1I2CibCsWjb
6139de87-83ad-4a1d-a790-457ec85f4d1a,41ae105e-66ef-41bd-9300-dd72d5fc706e,2025-12-18 17:54:35.385415,credit,R/RATNR51111615280988/ZBFLCTP516PBL56049451//SELECTRICITY TWO PRIVATE LIMITED/RATNR51111615280988 /SELECTRICITY TWO PRIVATE LIMITED,252271.48,,b8QWGmfuniAnmsDPN4OPCxrELE+BCSxrf7iGFFzFeA==
3bd489f0-1c5e-449e-91a4-ed26979a9172,5acdb0c3-3f13-4e20-80d0-5c0abeafe36e,2026-08-24 20:42:27.509253,debit,NEFT  - RATN3689980 - 94024455 - 022961201836 - UMANG SELECTION,18533.8,459910229,
6ce72fd3-5b4e-4d70-8447-f56462ce1c82,0743cf10-caee-4d46-97d1-adcaf7bfe4fe,2026-06-21 20:58:04.903987,debit,NEFT  - UBIN4381561 - 49784036 - 900343244510 - ICICI PRUDENTIAL MF,52251.61,68388516,kVSRz8JWLOXrz5MJB+HIf43gaxXWRJGAeA==
498c13ac-20fb-4836-8ae4-daa9d7042ad5,57631ab4-2754-457b-a416-ee6e248c90e8,2026-08-14 08:30:28.662055,debit,UPI-ZOMATO ONLINE ORDERING-XXXXXX9664-ICIC6052975-161369681645-352181883552312432,1585.52,1277997995,HJIoL/70+SXDqeUs/04Ko4cC2gqKnXKMPN5dv2ZNRCbOLg==
017ae20b-911b-4d5e-b401-78e916a88da7,5acdb0c3-3f13-4e20-80d0-5c0abeafe36e,2026-07-13 15:24:26.812085,credit,NEFT  - RATN0581477 - 00541199 - 867980793597 - BAJAJ FINANCE LIMITED,350683.65,151820377,hBsot0/xM3JGuHVFGKgwN/Yw6YHepJF6oc8ASck=
f957a2a3-2ce2-414d-881a-c6736b74fba5,5a85fc4d-6354-4499-a3df-d031173d899a,2026-02-26 11:46:28.045814,debit,UPI-ZOMATO ONLINE ORDERING-XXXXXX5151-TMBL6449251-925462914865-281685054235733221,880.32,8805929622,
17e7006c-bba8-4be0-922f-8e3ddef65f56,fe64bd3d-2ae3-48d0-9d97-be73b84a5349,2026-06-10 15:49:24.527335,debit,FT-RE3794738347-FLIPKART INTERNET PRIVATE LIMITED,34399.04,,0a2Tv+2nd4cI7syOsuF08bMy3WtMTmaBnkwArYDCVL1B/h0IBW8=
0f3ee527-2a4b-483d-a56c-f26581933e70,2dcf9d25-1ad7-4b16-812e-6dec52d96340,2026-06-27 15:15:19.127767,debit,UPI-IRCTC-XXXXXX2392-KKBK0758181-412478261375-060685361530515220,1935.21,2779010432,A6ZG+L2AQ+W2eVBNYZ76v7blrn88nGxNEByG0TAP12nq+O8bWHW6pw==
fa04b454-1621-4634-9ccd-4d938ff21f45,86d4f7ef-e0d9-445c-be56-740288327998,2026-01-21 16:08:02.369412,debit,NEFT  - UBIN9711798 - 08932460 - 953962185188 - SELECTION MOBILE,64820.7,0670654051,/cLeq5gqtVhInTlE6S4tYWB68MHy8PsArc9e
031bc4c6-05ef-4bc4-825c-66aa3a22cca6,0d369ec1-81e7-4228-b206-cda903b192dd,2026-01-09 19:56:25.779414,debit,NEFT/277221704303/HDFC/LIC OF INDIA,14467.87,874034505,
737635ee-b261-400e-aaf7-5ba5146b7a0a,053f06ec-cfec-4eef-bcab-383f2faba37e,2026-08-31 08:15:49.676502,debit,NEFT  - CNRB2775841 - 61692845 - 115447962757 - TATA POWER COMPANY LIMITED,2677.68,401658202,KdyhuC5zZpCkhsWMbzU9LDn8I9by0N5M0E16kXlA1Y0B2puhWa4=
aa1afb26-ad19-4f3d-8a1f-7eee620b2b2e,fe64bd3d-2ae3-48d0-9d97-be73b84a5349,2026-01-13 06:23:35.600076,debit,UPI-SWIGGY INDIA-XXXXXX6909-SBIN7557192-856543102786-814473947312172715,1519.07,8442258313,4mHTz0Y/pSvrwQlrK5fl/QFzJZRbsauhTStVF3RoAw==
3b07c150-6778-4c47-9186-589db9c8e332,5fd35d6c-7bd8-47d7-9b0c-ce852e0a9f93,2026-03-13 16:53:59.590996,debit,UPI-SWIGGY INDIA-XXXXXX8291-ICIC4678669-125177852892-268018242253584143,1451.87,49818299,
48cd7058-58e0-45b6-8f34-de0d950a2e06,689eb9ff-51c2-4159-adc0-a32bf07bed77,2026-06-15 10:06:03.304309,debit,NEFT  - ICIC0943969 - 07844736 - 471027677359 - SELECTION MOBILE,24090.89,562588153,Z3MRhhHn2h+ApATpxK0iMC+hx/Rr4aghm6d7sUQULQw=
4e1beb20-49c1-4a41-ae43-ca7b34de1391,2dcf9d25-1ad7-4b16-812e-6dec52d96340,2026-07-13 18:23:02.420040,debit,NEFT  - UTIB2595327 - 87747016 - 873395004797 - AMAZON RETAIL INDIA,58545.84,,
96f8f71d-044a-45e2-92d1-183df2bbf757,3d33ba68-1c96-4647-921d-b86f45b5f110,2025-10-15 15:37:21.531958,debit,NEFT  - CNRB8416878 - 49912165 - 585239868000 - SELECTION MOBILE,23348.07,872982595,
49fdf7e7-885c-470e-9663-5a5fb2a76547,1354136a-44db-426e-af7e-1d4bbb105b56,2026-04-04 12:15:17.585196,debit,UPI-IRCTC-XXXXXX9470-CNRB5169409-749930972896-230913075626368970,4322.92,5786527858,7bqUZkwZ/NbJNluPkm7s3cct53juiAcbnG2bn76CP1Q=
d2f47631-b278-492c-9208-e754a43821b5,22082ad1-5884-4501-9b15-046767dc7d9d,2026-08-21 16:45:30.105428,credit,NEFT  - KKBK4375758 - 44198665 - 240415747338 - BAJAJ FINANCE LIMITED,235566.36,219933083,qBdKqZ4rcd8b0cX42Y0R+bd1VSYoemlTHw==
63eb6ae3-75e2-4ee9-9652-2aa79efb7024,5104c168-3c0a-4f94-be43-077281f17b51,2026-01-05 16:10:46.481206,credit,R/RATNR58267734540193/ZBFLCTP802PBL62067240//SELECTRICITY TWO PRIVATE LIMITED/RATNR58267734540193 /SELECTRICITY TWO PRIVATE LIMITED,53243.51,54788728,7SNDR63k1p0rslDR13bE47F07bOUDnqiUItFQ24+
e8bbefe8-0ac3-4d6b-8795-b4a87c88dd9a,aff83df7-2fc5-4cbf-af20-0cd467360a5f,2026-03-01 15:44:07.669737,debit,IMPS OW/054932966851/Gautam Singh/UBIN/12275304637,3793.41,990453017,gG8pSUH60NZ7k9VYS/aeJn3QtTn00/nfBTeOSR/XulkslfSi
0531fc8f-408f-4403-80c5-acded957c341,fe64bd3d-2ae3-48d0-9d97-be73b84a5349,2026-06-19 12:45:37.512573,credit,NEFT  - RATN3327279 - 56878339 - 187851910883 - BAJAJ FINANCE LIMITED,386350.84,,cA6z2z9S6jge7Vb/CEyApX0E4JY4XqIX/xcRfly3E9f5EREDVT2LTQ==
722b8035-f1ca-45d8-a710-2491f16463ff,0743cf10-caee-4d46-97d1-adcaf7bfe4fe,2026-06-10 10:17:12.982946,debit,UPI-NAVYUG SELECTION-XXXXXX0728-UBIN7908740-640391065180-170462265676618251,12351.47,2300478686,Ec7oYI4letRu6Wim8QSOmFfdhhP+VSegVtSTWJLoMg==
0f34c260-9645-4dc8-97e9-adfea47deda5,f4611490-f6cf-44c8-a399-4accf8b2fde2,2026-03-28 19:35:31.049161,debit,NEFT  - UBIN9033119 - 07903067 - 383028439599 - UMANG SELECTION,31583.91,42836440,r3zFkhj7C0U7j42kFFjNcfhOT1SVW8/MmcDW79g=
2bdd3d60-ac31-4f64-99f4-0e11383b0198,053f06ec-cfec-4eef-bcab-383f2faba37e,2026-07-08 13:35:20.813185,debit,UPI-SWIGGY INDIA-XXXXXX8566-SBIN4628733-427086688263-435175183046990139,1634.83,354033173,tS84EGhDma7aeVxlNdk0Pob5fqiTXowUqwTr3Gth
5b0d3998-9e75-4813-ac5a-7e161f3ebd63,053f06ec-cfec-4eef-bcab-383f2faba37e,2026-05-24 16:16:48.861501,credit,NEFT  - AUBL8544587 - 71753556 - 093204899642 - BAJAJ FINANCE LIMITED,198095.89,,2a4ldb0ZgDK1877l9mTLSHLyL8W8nO4W5cSK51kCuw==
182851cc-55a0-4010-87af-389de8c9df46,1354136a-44db-426e-af7e-1d4bbb105b56,2026-09-03 19:51:58.187974,debit,NEFT  - AUBL2522872 - 80801006 - 231203875099 - BHARTI AIRTEL LIMITED,8258.39,08860084,GchN22cS1WWbfnMqhU7N1RUcuS04BqjCnhHN8kCCC0P9
e0bc9cc4-abc2-4a94-a757-a3f6e6336ad3,7a9a63d2-a544-4767-96f9-6da5b05b365e,2026-04-24 09:57:33.963800,debit,NEFT  - TMBL2339845 - 46156793 - 341016668700 - UMANG SELECTION,29005.27,,V3STVL27PeYBuvC+/ArlZT/lVqkTQtEBxOPwgyJCxRdJKw==
89c64bad-26c7-4edb-bf5b-7aa2ce236c03,22082ad1-5884-4501-9b15-046767dc7d9d,2025-10-24 16:01:40.286604,debit,NEFT  - UTIB9740148 - 90250392 - 614293968562 - SELECTION MOBILE,96535.79,85016315,e4jfhHUHIyLNIrTR9bAr4Kr+fbFcm4oVcfyBXnZcJNoqusPK
54a44a55-edd5-4ca5-9ecc-876c0fb53a9d,1354136a-44db-426e-af7e-1d4bbb105b56,2025-12-11 06:18:26.406637,debit,NEFT  - UTIB5866296 - 19431142 - 626551104754 - TATA POWER COMPANY LIMITED,3635.7,8861015819,rEGSeUkWC6acJTTMDpFTWtuiG6BI/tqAVKcyN5sbhABh7A==
7f4e5c05-1abe-491d-a43d-c7ba5c243a63,86d4f7ef-e0d9-445c-be56-740288327998,2026-07-11 18:23:07.977343,debit,UPI-NAVYUG SELECTION-XXXXXX9826-SBIN2444721-264647154379-937124065965756924,20598.58,75265479,WKKdB3/e/KyDgL76Q0Bn2i9AwKT9GUFKZ8P3TjD4/35WXQ==
a9076112-00ca-40ab-abc6-a1970a0c1d59,3d33ba68-1c96-4647-921d-b86f45b5f110,2026-04-03 18:48:21.834908,debit,R/RATNR59828073741672/ZBFLCTP434PBL26617979//GST PAYMENT NETWORK/RATNR59828073741672 /GST PAYMENT NETWORK,212386.45,6805891135,
e5594a42-dd09-4042-97d7-ecaa193abc7b,7a9a63d2-a544-4767-96f9-6da5b05b365e,2025-11-06 10:22:19.359731,debit,FT-RE0143888993-FLIPKART INTERNET PRIVATE LIMITED,17216.7,9825071461,
64be7883-9cf5-44bb-82e4-e7d5881b2e2b,ec452e26-b8d3-428d-af60-6deea71df335,2026-04-19 11:23:20.206647,debit,NEFT  - TMBL7571775 - 14010512 - 382825867362 - TATA POWER COMPANY LIMITED,4982.19,9379660334,xs6uZdqjvOp3OtgKlBWuod8X1dpOUxWS73I=
17173741-e6d0-4fe9-962d-49cba7a7455e,afb5c851-0b42-4395-93a6-3056699af523,2026-05-29 11:35:10.513426,debit,NEFT  - KKBK7859696 - 91557924 - 991251341252 - TATA POWER COMPANY LIMITED,10173.2,,UTNj0T1gp8pSkBKRT3RtwS9V4svLifuT5C7BIm4=
6162efe1-33e0-4f17-bb63-ca8d4cedfe65,7f325976-2dd9-4e47-8052-ae9e2a26601d,2026-05-01 09:36:07.280901,credit,NEFT  - SBIN5790507 - 23688767 - 677219034043 - BAJAJ FINANCE LIMITED,368804.31,,EWCaHofet5l6JVZRpd68nW3lwgvBfyolsHCCE9rgpufsKhlDqRcI
664cf327-67e7-42ee-b11a-7afc62f04d67,fe64bd3d-2ae3-48d0-9d97-be73b84a5349,2026-01-19 13:13:51.773443,debit,NEFT/807836134074/CNRB/LIC OF INDIA,30865.99,,EsYactXO2yLgqjYqkt1NIFPTQrMa5yX14kCI
017c7ec1-51f2-4fc0-a713-1b7d01a89c72,a92ea54f-8b3c-4d17-849e-762387729c9b,2026-07-11 08:40:50.922878,debit,R/RATNR59629233095849/ZBFLCTP825PBL44948126//GST PAYMENT NETWORK/RATNR59629233095849 /GST PAYMENT NETWORK,461008.98,2232536729,tsbP75iOK8rUZpxadivG4H5N31fPckRDVu28+u904/FYrp+dIw==
f95fde63-050f-4ca1-a527-2a56109a48ef,6d42990c-48ca-49f4-bd48-54cc53576834,2026-06-24 08:45:06.001139,debit,UPI-NAVYUG SELECTION-XXXXXX8457-AUBL5901751-863637454589-297500170127706324,11220.69,154152064,yTzLecbbPbaGBsNY3vZ/xdD4PborxW7aRBgdJlZ8VQ==
f86b1412-67e7-496c-a9bb-b8d3b828c3c4,41ae105e-66ef-41bd-9300-dd72d5fc706e,2026-01-18 06:54:54.690388,credit,IMPS/P2A/129387005162/AUBL/136111554262218/00/INET/9092/SELECTIONMALIGAI/ZBFLCTP7L2PBL53269731/INWD12,53908.97,565234138,EJxsdyGJsOk2HnGU9uWVhuIEBBW0Pcbio5Avok4/6RN6
34efee33-9f83-447d-bb27-24e3821adae9,ec452e26-b8d3-428d-af60-6deea71df335,2026-08-31 07:50:25.531219,credit,NEFT  - TMBL9836403 - 76137918 - 055269658271 - BAJAJ FINANCE LIMITED,108344.7,,
9cde8e2f-302f-4454-8b62-966236d3bbfb,2dcf9d25-1ad7-4b16-812e-6dec52d96340,2026-08-19 10:44:00.171790,credit,NEFT  - UBIN6188924 - 14183285 - 691463031617 - BAJAJ FINANCE LIMITED,406148.4,,tpuNFmzOWC2cyzuRDiXHhVg9Ft+CP/sCm5+rtIU=
68c8ee04-067e-4284-99f3-5edd3cfe649f,a92ea54f-8b3c-4d17-849e-762387729c9b,2026-08-10 07:35:51.958343,debit,NEFT  - TMBL8425241 - 05648149 - 177850792524 - BHARTI AIRTEL LIMITED,7073.3,1380003075,Q6tULWNBOIrjXG51DXuXANNR50iKn98/Sfv2/A==
a3b59440-a835-4fb5-a7dc-d8c1c69db4f9,22082ad1-5884-4501-9b15-046767dc7d9d,2026-05-16 07:25:04.919591,debit,FT-RE5365419518-FLIPKART INTERNET PRIVATE LIMITED,25749.71,,
3ea335de-1343-43e7-9f2a-48c2c5615ade,cb1b6f07-5ee6-4851-baba-09e5ca370104,2025-11-15 22:26:44.939081,debit,NEFT  - KKBK5187053 - 49493759 - 738320603850 - TATA POWER COMPANY LIMITED,114127.51,4138367024,
2936d174-ff58-4479-87bb-eb6dbe0c2265,5fd35d6c-7bd8-47d7-9b0c-ce852e0a9f93,2025-12-28 07:13:53.898182,debit,UPI-SWIGGY INDIA-XXXXXX1918-SBIN6199062-344565574313-291212775618537474,1897.59,,RNd1lQp+m+iZjHlPSt49XGt2xBmNs8pqRmlOnVT5vJPz
85b22d70-d3dd-4f5c-9a3f-8c7a2dc6da3f,6a95c413-8216-4db8-8a5d-938da91f165e,2026-06-17 10:02:39.649253,debit,UPI-ZOMATO ONLINE ORDERING-XXXXXX1356-TMBL0442067-883171210032-365199410137215107,316.47,670662532,
aa16ad4f-d211-41c4-b48e-0eb98d4e8952,86d4f7ef-e0d9-445c-be56-740288327998,2026-03-14 14:34:52.829672,debit,NEFT  - KKBK7687014 - 62638380 - 657875985642 - ICICI PRUDENTIAL MF,7475.98,40785932,
e1b61425-a1cd-4cf0-bbd5-31f96d066324,22082ad1-5884-4501-9b15-046767dc7d9d,2026-01-20 22:55:23.076054,debit,NEFT  - RATN6522395 - 59059929 - 378427010393 - SELECTION MOBILE,10231.93,932525002,HEm4zDfQrzX4KYQS6XHaTRVDNHrBa6+vXMT3ZQ==
0fb618da-8f8a-467f-a132-004eb5a1b280,6d42990c-48ca-49f4-bd48-54cc53576834,2026-07-10 19:10:56.434130,debit,UPI-SWIGGY INDIA-XXXXXX9154-CNRB2267528-953926442209-690295939172513552,1454.18,5704331541,K91tT0tFd5sLanNxskFyEvPq99pIvhfYVQ==
586fa474-016c-4051-a3ee-54a4a6d486d9,053f06ec-cfec-4eef-bcab-383f2faba37e,2026-03-12 15:15:06.052046,debit,NEFT  - CNRB8617932 - 71040541 - 152621815997 - BHARTI AIRTEL LIMITED,6488.29,2962015336,OwRpLKTPgJYf1S6BIOjo0lx54AQ4QLfpbpjdvPRfCs8=
a0e47148-a448-48a2-b3c8-b0547a41ca70,1354136a-44db-426e-af7e-1d4bbb105b56,2026-07-16 19:48:37.238564,debit,NEFT  - SBIN0506149 - 73103241 - 714677418625 - AMAZON RETAIL INDIA,39904.42,774349021,
60ba5f7e-801d-43b2-aad5-0c20de4ff3f0,5a85fc4d-6354-4499-a3df-d031173d899a,2026-08-06 10:53:38.270413,debit,NEFT/686879374160/TMBL/LIC OF INDIA,22136.6,9217223320,75PbU7JAAyhrGhzPcTxGTGr7WUvwwIHeTzdOSXr/542Zq2WqUQ==
1ecb7c59-16ac-4bd2-af7b-174cad872e13,8b947903-09ec-4423-a804-386501211d7d,2025-12-13 09:55:14.140913,debit,UPI-ZOMATO ONLINE ORDERING-XXXXXX1686-TMBL5487099-861622999119-148564679970246299,1765.87,530745054,unNAqJg8zfVXmdzH0mpoEbSDsIoo+e207FEp6EySckseHzlXB4Xj
a32f7f05-3d65-4a1d-b8b0-a64985f0a4d5,0743cf10-caee-4d46-97d1-adcaf7bfe4fe,2026-07-26 20:32:25.666275,credit,NEFT  - CNRB4691373 - 67850821 - 486289023303 - BAJAJ FINANCE LIMITED,116535.52,,vhKBa7zfMpE+FIuGzMYVSXP/WAQo/z7C2LY2SwYF
899645a3-53a2-45e8-956a-a4756f8cbb65,689eb9ff-51c2-4159-adc0-a32bf07bed77,2026-06-27 18:54:22.481294,debit,NEFT  - UTIB5797279 - 85524140 - 602933334680 - UMANG SELECTION,34991.31,0722903494,JQ4r89yElhn6IBtdJLkBERRDIy96pO7tbYOUzWisM3E=
943a6dd1-eb83-42a4-abfc-838d1ce8ba84,ec452e26-b8d3-428d-af60-6deea71df335,2026-06-29 18:47:02.611344,debit,IMPS OW/748969108589/Gautam Singh/RATN/44171545444,1022.96,09652074,
2cb98654-e460-45c4-859b-bb8cf46467d7,3d33ba68-1c96-4647-921d-b86f45b5f110,2025-11-29 22:07:55.713763,debit,R/RATNR55387584282417/ZBFLCTP248PBL25135346//GST PAYMENT NETWORK/RATNR55387584282417 /GST PAYMENT NETWORK,398283.41,947170999,
1a85c93a-8bf7-4d2f-80b9-afc19222e2ec,68f56938-d9bc-4bb9-a4ee-c06ff4db66bd,2026-03-05 13:14:44.919585,debit,NEFT  - UBIN0223569 - 72521752 - 500743292712 - AMAZON RETAIL INDIA,27844.35,600835058,
eac65cd1-ab4a-4626-8d86-0b9773112f58,68f56938-d9bc-4bb9-a4ee-c06ff4db66bd,2026-02-25 06:19:26.693805,debit,UPI-SWIGGY INDIA-XXXXXX2168-RATN4210447-898562575326-033230982150648909,2189.09,0016761847,gauT2rSW73fTqlqRZWOc/VL9wxqxtJHX0x+YW61X
ca0a07a0-c097-46f1-ba5c-2b161166c8d8,5acdb0c3-3f13-4e20-80d0-5c0abeafe36e,2026-08-20 21:09:05.817392,debit,NEFT  - RATN9261891 - 41173934 - 835642087375 - UMANG SELECTION,11676.69,,
3420009d-ecad-46b1-8b12-7334bf04dc9e,8b947903-09ec-4423-a804-386501211d7d,2025-12-11 10:30:58.511833,debit,UPI-IRCTC-XXXXXX1437-KKBK4701204-556110022557-941552166746762120,5894.94,69797296,6IkCiJ+fw4be/ZpLKsKLcQ7xAAo01o2f
4f484cc1-dab8-4443-848f-2da5278cb4e4,2dcf9d25-1ad7-4b16-812e-6dec52d96340,2026-07-06 13:05:29.465765,debit,NEFT  - AUBL0145089 - 93588916 - 375628900287 - UMANG SELECTION,34519.23,75354083,X99TAANkLAV1MQ8w9mImyOT6BLVmEmMuEIAqK4duyk6HsBOC
11288a8d-56f0-4d32-b238-f5a121317e39,0743cf10-caee-4d46-97d1-adcaf7bfe4fe,2026-09-05 17:53:40.838769,debit,R/RATNR51775170166088/ZBFLCTP019PBL94883755//GST PAYMENT NETWORK/RATNR51775170166088 /GST PAYMENT NETWORK,416149.28,589975711,zPRDWPA7NdMvDimiSBDvfM8XZPO/i6KsqUBtdmXkZQ==
ee176946-ce8f-44ae-b335-44dfaba4e89d,fe64bd3d-2ae3-48d0-9d97-be73b84a5349,2026-05-22 18:26:38.960401,credit,NEFT  - ICIC0272614 - 93316373 - 516091779827 - BAJAJ FINANCE LIMITED,102168.81,6978292216,UvvamaAeHC6AqZ8BS5hemZtXSGOAPA8FF436akokVn0/Xg==
9487d442-18a1-4728-861c-2c248df35296,5acdb0c3-3f13-4e20-80d0-5c0abeafe36e,2026-03-01 10:45:41.186450,debit,NEFT/654722698485/TMBL/PARESH VIKRANT GHASE,9672.46,,tQXmVCYNOVWLPmoIRV8xNAmiCgKocVG5yuZIgC2hY9Kr
2971abda-5894-43c7-921c-b71a8e6e90ca,d533a893-1d00-4307-8664-2ae95a82f066,2026-01-19 12:18:28.186044,debit,UPI-IRCTC-XXXXXX1587-RATN9684608-106200342442-043805719838638406,2509.06,5800439735,LcvlfqSVuEPlGIOAP0acOlHy5V8WYFboYEc5hJfv
f60148df-7c2d-4426-930d-db384a35c6e4,aff83df7-2fc5-4cbf-af20-0cd467360a5f,2026-07-16 13:57:41.643512,debit,UPI-NAVYUG SELECTION-XXXXXX2816-HDFC6484229-405720259094-798515832818268861,22265.37,5554398780,
5d11421a-08ff-48bc-978a-c31094c19940,86d4f7ef-e0d9-445c-be56-740288327998,2026-08-26 11:50:16.585193,debit,NEFT  - HDFC5616484 - 08588770 - 435811288013 - ICICI PRUDENTIAL MF,68681.84,6138612075,
ae17d318-7f9e-473f-92f3-423ce1901b75,22082ad1-5884-4501-9b15-046767dc7d9d,2026-04-21 18:34:35.992979,debit,UPI-NAVYUG SELECTION-XXXXXX4667-UBIN6506180-919015814491-476607283268424508,52736.48,,
a872436d-b04d-4c1c-8c82-a69dcc89365c,68f56938-d9bc-4bb9-a4ee-c06ff4db66bd,2025-10-29 11:00:20.258133,debit,UPI-NAVYUG SELECTION-XXXXXX3536-TMBL2223943-129087814141-397552314913577594,42220.57,,d4Hy1HKAhlNqvQpjb7TqpifduVvt9X7KTtKQNor5wg5Hcg==
ac4d7497-0094-4baa-b93e-341c65294a64,57631ab4-2754-457b-a416-ee6e248c90e8,2025-12-28 12:16:46.929390,debit,NEFT/452577754781/SBIN/PARESH VIKRANT GHASE,9860.5,,
46002d31-362f-47e0-b554-9642d754917e,8b947903-09ec-4423-a804-386501211d7d,2025-12-03 07:41:20.108239,debit,UPI-NAVYUG SELECTION-XXXXXX0809-RATN6930848-872563942788-165803928272299275,4344.35,14530385,DaqrqHTz3W/Y1hA1SDkA5w6LKujtJr4MNxo/7Krt8v456/nsNHI=
ee36c8ef-8688-43a8-84f4-e5e848dd13ca,5acdb0c3-3f13-4e20-80d0-5c0abeafe36e,2025-11-29 10:03:10.270804,debit,UPI-IRCTC-XXXXXX4989-SBIN6659184-638655779082-723184322259136517,4148.81,2603029922,3ER3XZX1+KBWhDkpAV+mEFS7yZ9v+VKz+A==
5c3f342d-5a58-4058-961e-6f69ccc3c659,6d42990c-48ca-49f4-bd48-54cc53576834,2026-07-10 09:01:12.548102,debit,FT-RE9904137977-RELIANCE DIGITAL RETAIL LTD,29732.18,2984257991,
ec797fcf-c45c-4447-851a-6f3ac8b6e42b,2dcf9d25-1ad7-4b16-812e-6dec52d96340,2026-08-13 14:16:54.562146,debit,UPI-IRCTC-XXXXXX2912-AUBL9908811-729806865086-376599162473149864,1377.42,98180635,cSCcPWExxvPTqngQ6vCoVyGcWVqV6/eRBU6+
26a5b919-7110-4abe-9117-f48ea3406e9a,fe64bd3d-2ae3-48d0-9d97-be73b84a5349,2026-07-07 16:51:35.643852,debit,FT-RE9463688725-FLIPKART INTERNET PRIVATE LIMITED,21466.02,956213721,
a30aa0a3-8d70-46b0-9378-03e3f279605a,f45bab9b-4c16-4ed6-81e0-423432ac0a3b,2026-02-23 11:43:02.377214,debit,NEFT  - UBIN0127961 - 14351906 - 698490277038 - SELECTION MOBILE,40032.73,,6HoWP66ePxyniGwOj7l7ITiGDCW5Lzkif2DgIlJ4HEjkCAfHv4+Jiw==
bbd7817e-5575-4e5b-925b-6dc810385295,5104c168-3c0a-4f94-be43-077281f17b51,2026-08-10 22:06:35.075902,debit,NEFT/214656693801/ICIC/PARESH VIKRANT GHASE,8469.09,9554393769,
48a1d373-bc10-4f58-96eb-682102a873ff,cb1b6f07-5ee6-4851-baba-09e5ca370104,2026-07-30 17:09:49.111871,debit,UPI-IRCTC-XXXXXX5184-TMBL9476973-577907141633-565880434165182755,1545.83,37333433,
d1978e5c-1cac-4fd3-9f4b-1648f29e0b8a,be2cec6e-9807-4799-b9d3-faf67ee60668,2026-07-19 14:11:35.275617,debit,NEFT  - AUBL9080759 - 57947284 - 639208678085 - UMANG SELECTION,17567.53,71875003,3SE4VFpW1E90prBp9pts4zy8Y08gcPkgab9F
7d8e5a3c-ade9-41b4-9bc8-ec96634ac487,5acdb0c3-3f13-4e20-80d0-5c0abeafe36e,2026-08-10 21:08:57.890649,debit,NEFT/795527636556/KKBK/PARESH VIKRANT GHASE,7035.57,3143866322,8rDV7MIWm7o8X4/uKGIl/9wcxbR0O7b5
12958ef9-a1d3-4a01-b081-a6a300e47889,d533a893-1d00-4307-8664-2ae95a82f066,2026-08-02 16:41:18.744943,debit,UPI-IRCTC-XXXXXX7448-RATN0612034-717545588450-615939982455877169,1933.18,25699611,
0ebc982d-3887-4727-a272-27874887433e,6d42990c-48ca-49f4-bd48-54cc53576834,2026-07-25 10:08:33.879249,debit,IMPS OW/475987622023/Gautam Singh/KKBK/13261117800,3877.58,14921643,
79c509be-0f62-4103-bee4-d2f4acccf070,689eb9ff-51c2-4159-adc0-a32bf07bed77,2026-05-13 15:58:22.505048,debit,FT-RE0557784872-RELIANCE DIGITAL RETAIL LTD,145583.63,,JUJuU2zBaXwUDNUqOsIqQ/2s5VVksd0AF8mEuUjxw/JFb7UDRg==
4cb9c9e1-e70c-4b83-878c-b23fc0f81c85,22082ad1-5884-4501-9b15-046767dc7d9d,2025-12-03 19:25:15.171200,debit,NEFT/174564240082/CNRB/LIC OF INDIA,13602.87,7740649308,PX0Iz25ePDxJb9/1l7A8EUYMLyEFEg95zMinSgBWfCkYmUko+A==
f90ccf8d-42fd-411f-b82d-7079cedf961b,053f06ec-cfec-4eef-bcab-383f2faba37e,2026-07-27 20:46:00.244119,debit,NEFT  - UTIB4163894 - 48463122 - 417974973502 - AMAZON RETAIL INDIA,2708.63,,
4dafadc6-2cc9-42b2-8308-19bfa9b46c06,6a95c413-8216-4db8-8a5d-938da91f165e,2026-07-26 09:25:50.254897,debit,UPI-NAVYUG SELECTION-XXXXXX0735-UBIN4757051-204618723460-136730371837645208,32213.72,4350313650,
40074672-442f-4373-b1c4-cfd05e9f4a69,f4611490-f6cf-44c8-a399-4accf8b2fde2,2026-08-08 11:34:22.339403,debit,FT -  97925132 -  71950052812735 - SELECTION ELECTRONICS,88442.44,306524077,aODBRf5/5Cp3DNvgjsfr7qKUzDwUueIVS2GlCL3jLPHoLxKZZglv
1e34e9fc-ff08-45bb-a901-2a3af711349b,5acdb0c3-3f13-4e20-80d0-5c0abeafe36e,2026-05-30 09:02:36.672925,debit,NEFT  - RATN8218274 - 48570862 - 095935186387 - TATA POWER COMPANY LIMITED,14251.75,511810220,
23c6ac80-a628-4181-a04f-b21a9f66af6a,1354136a-44db-426e-af7e-1d4bbb105b56,2026-03-06 19:56:06.174912,debit,NEFT  - TMBL9940539 - 10371705 - 865094801413 - AMAZON RETAIL INDIA,43246.11,6338392886,F8p82gFbyb8ThdpApe+jZQ587B/rABSoe4ZEPRqsSR4VETo=
d7caf491-7b98-43ae-852d-74ef856bc1dd,6d42990c-48ca-49f4-bd48-54cc53576834,2025-10-29 06:46:02.298301,debit,FT-RE8528975585-RELIANCE DIGITAL RETAIL LTD,127503.83,5939836845,EDPp7KdvFbOalNp+TUt63JfjqEm9m+7RiW9ER+H88kwwx9INDGk=
276d6408-8279-42ba-8f30-9907c6491fc1,689eb9ff-51c2-4159-adc0-a32bf07bed77,2026-02-07 16:50:30.181301,debit,NEFT  - TMBL2404335 - 04888992 - 107522459334 - ICICI PRUDENTIAL MF,82052.05,,CVj4IDPrKjpCBKTFYpbFe1kcjJUkl4uw3Y6wYX9/
3c27800c-7a1c-4b65-9c60-7c19af7de534,7a9a63d2-a544-4767-96f9-6da5b05b365e,2026-07-17 21:36:47.051706,debit,NEFT  - RATN4096105 - 56613906 - 048058925832 - BHARTI AIRTEL LIMITED,929.42,799813646,
133f8dd2-9415-4da3-8ae1-b31f1abfb913,6d42990c-48ca-49f4-bd48-54cc53576834,2026-07-13 12:20:22.622725,debit,NEFT/416862278376/RATN/LIC OF INDIA,10882.98,8331465911,PFMNVM5EtX/OCVlzGf/yB4UkpTuTSE8ZFU2I2D7wvWYTe2zIsg==
93ae7027-b1c4-4867-9ef0-7ced60fd5e7c,68f56938-d9bc-4bb9-a4ee-c06ff4db66bd,2026-07-11 22:02:16.178593,debit,FT -  25979270 -  33521103924051 - SELECTION ELECTRONICS,30935.03,8338848792,DO1IER0Ggb40EhzG8jLWiHN3W4W3I1Xq
7e5b4ac6-ef6b-419f-8e2b-d510c22a5220,cb1b6f07-5ee6-4851-baba-09e5ca370104,2026-05-10 16:31:25.780550,debit,NEFT  - UTIB9407016 - 45104636 - 815798123878 - SELECTION MOBILE,111751.2,,
26a0c60f-3035-4a30-85a8-6233abf3a26e,689eb9ff-51c2-4159-adc0-a32bf07bed77,2026-08-03 16:57:25.688842,debit,FT-RE5554384046-RELIANCE DIGITAL RETAIL LTD,134108.3,,NadViknLiqRQn8Dmi+8Kcrbvh744QR3OuEamHjkhJJo=
242536f4-6442-414c-87a4-ab96d1e3dda9,be2cec6e-9807-4799-b9d3-faf67ee60668,2026-02-10 16:56:26.431228,credit,R/RATNR56893639264957/ZBFLCTP823PBL29832482//SELECTRICITY TWO PRIVATE LIMITED/RATNR56893639264957 /SELECTRICITY TWO PRIVATE LIMITED,200522.5,92518812,qktGLH1WVSbLbuhGt9niWt2Ybb8jaH1IuOlwig==
2908686b-d188-4f03-8039-b056e309c62e,0743cf10-caee-4d46-97d1-adcaf7bfe4fe,2026-09-01 06:59:17.996354,credit,NEFT  - KKBK2312209 - 94999393 - 305172897526 - BAJAJ FINANCE LIMITED,345722.8,,
653bdb7f-1174-4f24-b9f1-010e62090887,22082ad1-5884-4501-9b15-046767dc7d9d,2026-06-12 07:56:15.543899,debit,FT-RE3312797573-FLIPKART INTERNET PRIVATE LIMITED,16533.34,6569998808,
28526425-2f05-4fc3-b1c9-30f4eba408dc,6d42990c-48ca-49f4-bd48-54cc53576834,2026-07-09 16:28:01.187567,debit,NEFT/086803476447/SBIN/LIC OF INDIA,17673.87,82771812,bQ4Gtx5E7APjK0OpCZ9WXBrWv8tLqPS1CXoGEA==
418a9f1e-fe49-4e34-8568-1aca82fcdd9a,3d33ba68-1c96-4647-921d-b86f45b5f110,2026-05-04 06:38:56.517437,debit,NEFT  - AUBL1452111 - 75186892 - 686025922220 - TATA POWER COMPANY LIMITED,8713.31,421230940,oH3vd/sn06KSAxRx+NPdlZCeJIFq2+hzBhOExZIyunF0tXahGUuv
cf32b292-db46-4853-8c58-e33198778210,ec452e26-b8d3-428d-af60-6deea71df335,2026-07-18 08:03:06.437211,debit,NEFT/977671990384/RATN/PARESH VIKRANT GHASE,9615.21,02205020,46AOh2/VuVmHkK9c8vfx1Duy/8Gl2rixL47vKrmiSW8C
15c3b0bb-7db9-43d7-93cd-983c031e0ad1,f45bab9b-4c16-4ed6-81e0-423432ac0a3b,2026-05-12 12:39:03.114611,debit,FT-RE4999827950-RELIANCE DIGITAL RETAIL LTD,18503.31,168147214,QAOSlS+0dC6QVHc5Uswb+n02Eb6aMfJfp81k/jzuq8B/b0P+SQ==
c0a44e88-4c39-4b86-bc5c-dfc2aa8366ac,be2cec6e-9807-4799-b9d3-faf67ee60668,2026-09-04 12:44:18.266776,debit,R/RATNR57946954899529/ZBFLCTP978PBL77293430//GST PAYMENT NETWORK/RATNR57946954899529 /GST PAYMENT NETWORK,76739.42,39660558,b4xHZzPdRpq926O65eef2zMXjZCAjl7Z8j3CYLWf
d698037c-9e7d-4dd2-883e-eb642b0befeb,68f56938-d9bc-4bb9-a4ee-c06ff4db66bd,2026-02-18 14:26:05.521199,debit,UPI-NAVYUG SELECTION-XXXXXX4885-HDFC1556990-235577027278-576084958803955124,50762.87,829962914,E2KPGHxXodRd3MXlsPOQ2FJfYX4bCK+mrIAkANtrgqOblw==
adb34e27-f5bd-44c0-bc0e-d7ec53190c34,fe64bd3d-2ae3-48d0-9d97-be73b84a5349,2026-08-06 07:29:24.748344,debit,NEFT/743842150317/TMBL/PARESH VIKRANT GHASE,861.55,2357845218,644BGGyZReqCxhbKocUIILRIRqyTxSi6n85myw==
95577c72-bd30-4f3c-8750-1128ec93f79c,afb5c851-0b42-4395-93a6-3056699af523,2026-05-05 07:08:01.493602,debit,UPI-IRCTC-XXXXXX0409-ICIC5701840-943533448571-422410988138585424,3572.27,,f/OhcBcMgca+Bxh2eQqeiSK8qiUug4M+bLY+koGmOYCSiw==
8469d1df-9e39-4f59-93eb-e23bdbab922d,7a9a63d2-a544-4767-96f9-6da5b05b365e,2026-06-02 11:18:49.365549,debit,NEFT  - UBIN0166299 - 79545381 - 792171747733 - SELECTION MOBILE,24096.83,562557701,9KI/d9r5t4Ek0F1Zu8y1D8d00aek8l3aDr2bxf6KRfDYyZA=
88de5f3e-cba0-4e1d-a985-19cc62af3a9f,7f325976-2dd9-4e47-8052-ae9e2a26601d,2026-02-05 21:07:37.625030,debit,NEFT  - TMBL1615814 - 87696393 - 827615396695 - ICICI PRUDENTIAL MF,56730.05,,fbqUjD84T+Bz1i1y2MgY4E3xfTOxzGHWmBs=
cf925656-0ea0-403e-a1de-03a04605323c,d533a893-1d00-4307-8664-2ae95a82f066,2026-07-12 07:00:45.587234,debit,NEFT  - TMBL1724619 - 19657013 - 290227846997 - TATA POWER COMPANY LIMITED,5130.67,4651909862,jqjzyMRucEyB5NKJJe6fegWxKX5ZEiAddg==
6b14098e-b3b1-4b1e-aa7e-abc6343e958e,afb5c851-0b42-4395-93a6-3056699af523,2026-07-03 17:02:02.595748,debit,UPI-SWIGGY INDIA-XXXXXX4036-RATN6566668-327238656242-201027621267969278,1019.46,532690973,Uv+NoaVwZDKikurb13hoa4ujsbW2JOfA8U0LxYVtriQ=
56aa6edb-8a86-4096-af8e-036efca2789d,fe64bd3d-2ae3-48d0-9d97-be73b84a5349,2026-04-21 15:51:47.654643,debit,NEFT  - ICIC9712847 - 81891371 - 894905807787 - BHARTI AIRTEL LIMITED,5378.71,442094940,UvQwCcI+c1/XgQSAhKPKJ1NQ9Qb/oo/QsmowIx8=
ef10ab6d-1760-4ccf-92be-a404844652f6,cb1b6f07-5ee6-4851-baba-09e5ca370104,2026-07-16 08:09:38.979309,debit,FT -  71281442 -  94440192927524 - SELECTION ELECTRONICS,71514.85,,0PgdyAa9sXzCJB8L1KmCejR+OtbBWEznrQ==
86ac7ec7-9c0d-419b-b7f0-2f9a9675bfaa,1354136a-44db-426e-af7e-1d4bbb105b56,2026-04-04 14:21:17.280061,credit,R/RATNR56637239504102/ZBFLCTP767PBL47836674//SELECTRICITY TWO PRIVATE LIMITED/RATNR56637239504102 /SELECTRICITY TWO PRIVATE LIMITED,100802.44,47658018,rEuGLpZoIHRxazJnTUgslumRY0qX2OnicXHaKvfeJf5V8ZHw8w==
d630986c-6d66-4506-b11a-da9db8c251a3,7360e8b0-af86-49a8-b2f5-ada877290072,2026-07-29 20:42:59.079392,debit,NEFT  - RATN6739385 - 25800106 - 181753443009 - UMANG SELECTION,6401.83,3911192692,cYxhoPMoiA9pKgQpKfN7kj/IqU2nTOSwFuAsY/o=
3b5cd1af-d7b3-43af-be34-76fefa9f6c89,5acdb0c3-3f13-4e20-80d0-5c0abeafe36e,2026-03-21 07:42:24.279378,debit,NEFT  - UBIN5421406 - 65044271 - 739627128639 - TATA POWER COMPANY LIMITED,12293.41,01194707,
f7f6bbc0-c6c1-4a42-86b6-9ac7cf927642,0d369ec1-81e7-4228-b206-cda903b192dd,2026-07-09 09:40:44.376712,credit,R/RATNR56908776618306/ZBFLCTP719PBL85546015//SELECTRICITY TWO PRIVATE LIMITED/RATNR56908776618306 /SELECTRICITY TWO PRIVATE LIMITED,237119.2,74328063,
5e06f3ff-abfa-4867-8b84-6930ad10bc84,be2cec6e-9807-4799-b9d3-faf67ee60668,2026-09-03 07:57:19.860607,debit,NEFT  - AUBL3203093 - 76184787 - 005050613878 - BHARTI AIRTEL LIMITED,1766.11,02707903,wuqyJ6WLrxifnW9f8X3euq6LoSxCKkbgxJaHjQ==
10084748-0cc8-4179-8ff4-30b5a09b7fc8,5fd35d6c-7bd8-47d7-9b0c-ce852e0a9f93,2025-12-18 18:49:10.016389,debit,NEFT  - RATN2911179 - 93136565 - 198253092511 - UMANG SELECTION,13134.05,58273902,
b44f0531-ca23-497e-93fe-5b0cb44c5c9d,be2cec6e-9807-4799-b9d3-faf67ee60668,2026-03-31 22:14:29.807750,debit,NEFT  - HDFC0219467 - 23248763 - 290927914560 - BHARTI AIRTEL LIMITED,5240.54,,SWu9EY61YRI7SHM46pffGJDdWdSV+d2ZPe0/
10d9b532-a4fe-4df5-930f-0a134860eb42,5acdb0c3-3f13-4e20-80d0-5c0abeafe36e,2026-08-10 17:08:29.754787,credit,IMPS/P2A/031277220054/UTIB/645970108220781/00/INET/1379/SELECTIONMALIGAI/ZBFLCTP9L2PBL56353153/INWD13,52953.61,317970623,N4t6XHElJvKVd24eYIJ5LHj4G040HuyKuP93in3MWBJ7FuvEJpM=
25411c98-509d-45c3-a01c-6bdc6adb077d,a92ea54f-8b3c-4d17-849e-762387729c9b,2026-06-14 13:05:35.789660,credit,IMPS/P2A/435209042177/UBIN/253492929831687/00/INET/3977/SELECTIONMALIGAI/ZBFLCTP4L2PBL06335693/INWD92,64394.06,007806867,kLX5QVSxN5tZdLgBQBWAPDCQa7CyE+y9EO52
5150c39a-090c-4c1c-bf5b-4ddb9170e5e5,2dcf9d25-1ad7-4b16-812e-6dec52d96340,2026-03-30 16:47:59.057474,debit,FT -  32543107 -  42799077262570 - SELECTION ELECTRONICS,78132.53,804649893,yeYXxHrYkxcralU+lUdSOa8dpfMBej/aFGM=
01c91dc0-fa3d-4747-a37a-ff773baad9d5,fe64bd3d-2ae3-48d0-9d97-be73b84a5349,2026-08-20 10:31:09.917496,debit,UPI-IRCTC-XXXXXX0165-AUBL9055281-832538179335-548640155778817884,2876.28,1371162411,
7a1265bf-2bf8-4cd4-a7bf-fa7017fd9055,689eb9ff-51c2-4159-adc0-a32bf07bed77,2026-07-28 11:13:35.741484,credit,IMPS/P2A/468275670431/HDFC/385695579887749/00/INET/2424/SELECTIONMALIGAI/ZBFLCTP3L2PBL75402547/INWD29,65068.56,222231059,
6ab39ac2-75b3-4d32-b8ec-6ecfcc095b17,d533a893-1d00-4307-8664-2ae95a82f066,2026-07-19 12:37:33.232934,debit,NEFT  - CNRB2578284 - 10672752 - 088547492975 - SELECTION MOBILE,85184.46,28140693,gURUaT3KzD1P6OYkmu1xI5ZyK8elloi9Z7s=
a6d79e35-92a1-46b4-a8a0-81446793d988,3d33ba68-1c96-4647-921d-b86f45b5f110,2026-08-15 15:30:55.550818,debit,IMPS OW/018718637599/Gautam Singh/TMBL/05626565045,1821.64,1376742662,xIdabDZe6SJV4xEnpW1jUxuAM1W2zXbsK+4=
f4f47807-9257-4acf-8312-28233d9f28ed,8b947903-09ec-4423-a804-386501211d7d,2026-04-24 14:40:43.499164,debit,UPI-ZOMATO ONLINE ORDERING-XXXXXX9610-UBIN4628792-326487049478-730024471462730147,2486.97,,K9CmK5942yIP/4e4q8wgR0umN60pOZnx7dNbW4dFMf9xrokM7tnL
e076f8fa-7a8e-4ed8-941e-bac365272ccc,fe64bd3d-2ae3-48d0-9d97-be73b84a5349,2026-07-25 21:26:21.965641,debit,NEFT  - TMBL9042902 - 57252045 - 650448183219 - UMANG SELECTION,30847.25,445189520,
804a0edc-7983-48ad-b32a-fc9646f68e96,7a9a63d2-a544-4767-96f9-6da5b05b365e,2026-01-25 16:11:45.319484,debit,FT-RE3283389888-RELIANCE DIGITAL RETAIL LTD,106828.41,12075452,oyG39bjRqSRDlxf4IgkiW8JeYh/+Nz7EQVZRpv17BLbdXwTpqXC8KQ==
2f59914b-22dd-4a53-973e-69f3c343c13e,afb5c851-0b42-4395-93a6-3056699af523,2026-01-29 09:58:38.215378,debit,FT -  32234232 -  16110760310890 - SELECTION ELECTRONICS,44872.0,,GrfzL184zKiwZvkN7lnjVfWAnU9vsB0t
d108217c-6b06-4c33-85f5-7bd18f8d35b4,3d33ba68-1c96-4647-921d-b86f45b5f110,2026-06-27 22:14:26.118327,debit,R/RATNR52501249552893/ZBFLCTP891PBL19083342//GST PAYMENT NETWORK/RATNR52501249552893 /GST PAYMENT NETWORK,452796.94,1387592712,GnO+t0SzjUL5RbiHHbBsHQzOApXB4DemBnVRdCio3OorojYc
cbc0f5c2-60cb-4a50-97bc-9d3af6cc13a6,afb5c851-0b42-4395-93a6-3056699af523,2026-06-26 21:17:48.748152,debit,UPI-ZOMATO ONLINE ORDERING-XXXXXX7182-AUBL5480157-164794738646-317520716781126691,1905.29,15353961,
1363f4c9-d0f6-4c9d-9f2a-851e379d36bb,5acdb0c3-3f13-4e20-80d0-5c0abeafe36e,2026-03-12 21:32:16.568787,debit,R/RATNR56579678427114/ZBFLCTP773PBL20101702//GST PAYMENT NETWORK/RATNR56579678427114 /GST PAYMENT NETWORK,203663.83,49911877,
cb79db6b-7425-40c1-b731-93ee63e793ad,689eb9ff-51c2-4159-adc0-a32bf07bed77,2026-07-02 07:42:15.259642,debit,UPI-ZOMATO ONLINE ORDERING-XXXXXX0616-AUBL5677002-842762467197-889778280647969545,341.28,55905616,ma65YcSFGX9gM6/987uSzM1pNo1ySmYGaNG67RGO0CG4AG0=
abe5f2e2-17c6-4507-8ca6-edd028acb552,68f56938-d9bc-4bb9-a4ee-c06ff4db66bd,2026-08-21 12:21:31.527191,debit,NEFT/911415208507/UBIN/PARESH VIKRANT GHASE,8736.72,079056965,I+a/A1WgWoKzROrEoiZdSDaRIYikf1fYvdufm7zELS4Au0EjhSk+
3b3e7021-3dc0-4203-a9df-ef57aa760eae,f45bab9b-4c16-4ed6-81e0-423432ac0a3b,2025-11-09 07:33:12.381969,debit,UPI-ZOMATO ONLINE ORDERING-XXXXXX9456-UTIB7183440-496391919541-987635148468536649,1385.35,2082973748,poucIbTiqMkkAWTV0AL+0EL0ZC5zJugKBAg8USqpaKIVjzAH+Q==
82e0218a-b43d-41ba-9a64-69183fc82683,6a95c413-8216-4db8-8a5d-938da91f165e,2026-01-07 11:41:54.044283,debit,NEFT  - UTIB2466513 - 64424936 - 312303477866 - TATA POWER COMPANY LIMITED,57275.79,,
8faa6f9f-ea47-4744-94b6-dd50cc59e1e1,689eb9ff-51c2-4159-adc0-a32bf07bed77,2026-04-13 21:34:23.733602,debit,NEFT  - HDFC1594165 - 16231981 - 898471391559 - BHARTI AIRTEL LIMITED,6766.51,3632123476,
7f001eeb-7800-457f-b8bc-432fc307008e,d533a893-1d00-4307-8664-2ae95a82f066,2026-06-06 19:59:53.348884,debit,NEFT  - TMBL6734257 - 54090034 - 864518376064 - UMANG SELECTION,14132.86,43275604,njcSOJwtarVnwN+jkTvF7pP+kk9dPFqNykQTW7ARdOQTYncj5RHj
bf9be8dc-8bc6-40b3-9d36-b322345f12d2,7a9a63d2-a544-4767-96f9-6da5b05b365e,2026-07-30 10:54:38.719064,debit,FT-RE2481569857-FLIPKART INTERNET PRIVATE LIMITED,26570.38,2720634591,
1804fa54-81b6-41d1-82c8-12bf25af6919,d533a893-1d00-4307-8664-2ae95a82f066,2026-09-02 06:59:35.678540,debit,FT-RE7724295431-FLIPKART INTERNET PRIVATE LIMITED,16043.62,,9Qfksu5ogwbFEkezNgaD5B4PzN88pTcT6dAbm1ScpQ==
92fc9c13-0201-4725-a38c-801541f48c6e,22082ad1-5884-4501-9b15-046767dc7d9d,2025-10-21 13:39:28.951402,debit,NEFT  - ICIC7342069 - 69421529 - 108677133344 - ICICI PRUDENTIAL MF,75912.09,393436262,
5da94de4-1140-4a1e-be86-39b5f048d56c,fe64bd3d-2ae3-48d0-9d97-be73b84a5349,2026-03-31 15:25:42.388918,debit,NEFT/971072563669/KKBK/PARESH VIKRANT GHASE,1559.31,53759900,
aa0e6aa1-155b-491e-97fb-3b74d33935ec,f4611490-f6cf-44c8-a399-4accf8b2fde2,2026-08-14 13:11:02.493090,credit,R/RATNR59242875721586/ZBFLCTP241PBL50274564//SELECTRICITY TWO PRIVATE LIMITED/RATNR59242875721586 /SELECTRICITY TWO PRIVATE LIMITED,365977.44,856257287,
5b7fe93d-8f7b-4a5f-a09c-65697de1757e,f45bab9b-4c16-4ed6-81e0-423432ac0a3b,2026-07-25 09:25:23.619014,debit,IMPS OW/761707587771/Gautam Singh/SBIN/15134228499,1140.74,89261371,xRWPtLvlGyHDGAKKg1rVCgvnFh08DoTb
db65ff50-264c-47fe-903f-acfafdac7fc6,d533a893-1d00-4307-8664-2ae95a82f066,2026-01-08 15:57:43.632829,debit,NEFT  - SBIN0177749 - 05097592 - 304501896164 - UMANG SELECTION,9586.4,103266421,
a5ffef76-1073-4d3f-857a-af1c58169350,a92ea54f-8b3c-4d17-849e-762387729c9b,2026-03-02 15:53:15.548501,credit,R/RATNR51583776749961/ZBFLCTP659PBL26610857//SELECTRICITY TWO PRIVATE LIMITED/RATNR51583776749961 /SELECTRICITY TWO PRIVATE LIMITED,286754.01,2788147617,8eEfCECygjUo1DlFXVBn0RFAWTKIOGzuY8e7RQ==
7032a787-8e20-47e2-b08f-5a342c8ac167,cb1b6f07-5ee6-4851-baba-09e5ca370104,2026-08-30 19:56:45.312106,debit,FT-RE9081081866-FLIPKART INTERNET PRIVATE LIMITED,4043.16,4549180172,j1xL1HIvqqdyAqfr3EaSkdyWsxHZZqLMF9KU6MxOY94qYnTd
7b16a099-e5f2-4967-9f4f-c6bed4dcb901,5fd35d6c-7bd8-47d7-9b0c-ce852e0a9f93,2026-08-14 20:31:30.020581,debit,UPI-ZOMATO ONLINE ORDERING-XXXXXX7945-SBIN3219416-800610277697-499564122031030372,1694.4,8314727601,
caadac5d-9256-43fe-a09b-c98234d2cb9e,86d4f7ef-e0d9-445c-be56-740288327998,2026-08-08 17:28:14.532294,debit,NEFT  - UTIB4960501 - 66799840 - 767899730806 - TATA POWER COMPANY LIMITED,11222.45,6717957602,
f2d01815-3a66-4245-970d-1c8dc6430c54,0d369ec1-81e7-4228-b206-cda903b192dd,2026-04-06 09:50:26.988864,debit,NEFT/972466572934/ICIC/PARESH VIKRANT GHASE,10172.32,,
0bd52ecc-2b7f-489f-b066-0efbb4d5faa3,68f56938-d9bc-4bb9-a4ee-c06ff4db66bd,2026-05-20 11:40:07.913172,debit,NEFT  - UTIB3800545 - 22801561 - 931837455084 - BHARTI AIRTEL LIMITED,8118.7,9107711991,5ffcmgC6Hr8tV5Ms4F0mL+hRUgqCH1TD4Q==
2fab02cf-c461-43d5-b46f-c94ef1743447,fe64bd3d-2ae3-48d0-9d97-be73b84a5349,2026-06-22 18:48:02.692244,credit,IMPS/P2A/247871255213/AUBL/603754821456532/00/INET/8632/SELECTIONMALIGAI/ZBFLCTP6L2PBL66785072/INWD08,66336.78,,+kpgRr9SXVvI8kjn/6Wg7Df+PJN8MALWXnGlKwY=
73e45ad5-a658-4885-a002-e1a78e159e2e,5a85fc4d-6354-4499-a3df-d031173d899a,2026-09-02 14:15:53.811763,credit,R/RATNR58466845504892/ZBFLCTP673PBL89975634//SELECTRICITY TWO PRIVATE LIMITED/RATNR58466845504892 /SELECTRICITY TWO PRIVATE LIMITED,79498.32,288431884,5ZUo8Kw1hb0FdtEb+ki3VtVJIlt+OejclXhhP3I=
a1cb1544-b36d-481a-98ff-d3e2d3d411d3,57631ab4-2754-457b-a416-ee6e248c90e8,2025-12-29 17:29:06.153672,credit,NEFT  - TMBL1054851 - 01749075 - 399893544926 - BAJAJ FINANCE LIMITED,359833.32,,K+nwfZT+Ms59ygmrO3s+FrKQwXnSPMifnEi9ejxP
f6c75ea5-dca8-4323-9dce-fa0eb491f12f,2dcf9d25-1ad7-4b16-812e-6dec52d96340,2026-08-17 20:08:45.538113,debit,FT-RE1106273715-FLIPKART INTERNET PRIVATE LIMITED,25880.84,8649767762,
4ed82462-d1a7-49c5-bbae-dbcbc53e0271,afb5c851-0b42-4395-93a6-3056699af523,2025-12-10 16:05:51.655119,debit,UPI-IRCTC-XXXXXX3770-SBIN8519611-594082154544-702296044327018510,2680.18,7567922877,FDVimPrHsQkgX5eAEcL+vzzhzXV5rlfOFYZc7Q==
bebca952-baf8-455a-a4db-b7276274debe,2dcf9d25-1ad7-4b16-812e-6dec52d96340,2026-04-13 21:55:59.024393,debit,NEFT  - UBIN3658074 - 12094818 - 139890983780 - ICICI PRUDENTIAL MF,16426.9,04339718,yVWZAxzPnHuoinI1dcQ+qOLnYIaK3DKgnAEv+IoxoMABswDD
2963047f-125a-49e4-a9cf-05e4ae952bf1,57631ab4-2754-457b-a416-ee6e248c90e8,2026-03-24 06:17:35.614646,debit,UPI-ZOMATO ONLINE ORDERING-XXXXXX2608-CNRB6411182-422412462095-200461526546103399,743.93,6140578617,
ed2f5e8c-bc35-4c26-b99d-4f5f1af39314,86d4f7ef-e0d9-445c-be56-740288327998,2026-08-23 09:53:08.760294,debit,NEFT  - TMBL2496718 - 32582386 - 870079420074 - UMANG SELECTION,25121.11,539840289,
d2cca637-0d15-4cdb-956e-3fedab1b502c,5acdb0c3-3f13-4e20-80d0-5c0abeafe36e,2026-01-25 08:50:56.680627,debit,NEFT/639855474355/UTIB/LIC OF INDIA,18793.98,20970026,lu+ZBCH10TQz5KiZywWH/dikdQhMtZNFdoG2ai2Nwd97PlZutBX9
c5095a16-5018-4b53-882e-b4a5a52a33b7,689eb9ff-51c2-4159-adc0-a32bf07bed77,2026-02-09 14:12:54.710912,debit,UPI-NAVYUG SELECTION-XXXXXX7156-RATN5620175-370304531943-375047930361498728,13238.67,9921921249,6oOlthT0vYr9YKg4Q/EDRm4PlFu4zyuk/O24db64ou/g3fpv/PMqIQ==
3bdcb1ba-c986-403a-9292-6313a8f13607,7360e8b0-af86-49a8-b2f5-ada877290072,2026-09-01 19:51:01.621313,debit,FT -  87060566 -  41877580304687 - SELECTION ELECTRONICS,31880.57,0361332541,Y+pglNdYExucBA4Usqs2a/mhzBFKkK4NF+qw
5f3e960f-e060-4fb6-9f98-e173534f3132,7360e8b0-af86-49a8-b2f5-ada877290072,2026-04-14 09:06:00.624086,debit,UPI-ZOMATO ONLINE ORDERING-XXXXXX3173-CNRB0583199-717911006512-070496110804661963,2188.54,0767699150,TnXTZi6oa7/uKa/sXdRjxavwRE5xKtOjT9Os8ptc9iiB2w==
7bf912dc-dd56-4003-9bbe-f9a153b96d84,3d33ba68-1c96-4647-921d-b86f45b5f110,2026-07-16 21:44:44.490106,debit,UPI-NAVYUG SELECTION-XXXXXX9284-CNRB6797232-002496854982-274954508920388065,13333.61,,4WJs6ncA71eMdZLdoS6nOazekgWdk1R6U/Q=
792b8c81-5627-4b75-a943-2de441e4d3b8,0d369ec1-81e7-4228-b206-cda903b192dd,2026-08-10 14:46:11.356324,debit,NEFT  - RATN9594652 - 17073033 - 793375636205 - ICICI PRUDENTIAL MF,5939.75,1247395003,
51908d22-4e0c-432e-8b9d-20ed7e75b2fa,86d4f7ef-e0d9-445c-be56-740288327998,2026-07-11 17:20:38.450405,debit,NEFT/230241026153/KKBK/LIC OF INDIA,18686.11,289611223,
05693cc5-3d5d-4753-9436-ceec3e8906b0,f4611490-f6cf-44c8-a399-4accf8b2fde2,2026-06-06 08:10:32.406968,debit,NEFT/993842530428/RATN/PARESH VIKRANT GHASE,13344.6,,
154efe71-e767-4766-b3ef-79d48000618e,fe64bd3d-2ae3-48d0-9d97-be73b84a5349,2026-03-19 17:57:05.308824,debit,UPI-IRCTC-XXXXXX7872-CNRB5877749-690333736346-692548121478539078,3840.42,665754602,aYQOsmOX0fPTc57Hw+XWNyRw+tH0+MIJllltOahUXf4=
aa02b411-4ef0-46b3-83cf-2bd9870e837d,be2cec6e-9807-4799-b9d3-faf67ee60668,2026-01-22 19:13:28.471829,debit,UPI-IRCTC-XXXXXX4311-ICIC5083535-444392840445-669078263337389877,2241.76,,QohlyjRE8NHfOHCGUQLjKz0keGckxLwg8YnOwoCc+Xijs16cGw==
7911df28-6c7f-4a69-91fc-05cdfd110fca,689eb9ff-51c2-4159-adc0-a32bf07bed77,2025-10-19 12:25:04.560453,debit,NEFT/529240755366/UBIN/LIC OF INDIA,27885.25,590902259,lRNmkAnpKwJ8trjDUuCKrmMtmqZS2+AZIVVqOKW7DdL4PROq
e3016e93-2167-47d4-b6be-1697b2aa8996,3d33ba68-1c96-4647-921d-b86f45b5f110,2026-08-17 12:19:27.857626,debit,NEFT  - AUBL1597412 - 18209702 - 316433481705 - AMAZON RETAIL INDIA,23574.66,621286716,7dII1ruc6Q9aFNiDLSG4/zfDDPt+UAhbM7h+yBOh
7f033b4c-ccde-482e-b486-25beff833f1b,f45bab9b-4c16-4ed6-81e0-423432ac0a3b,2026-02-23 09:25:44.991625,debit,NEFT  - RATN9493874 - 30271693 - 859777901475 - BHARTI AIRTEL LIMITED,6452.69,692632967,dxPaypkqyg51r6wCdhJdVAB2i94/XrElxknz8Ag=
884a6fe7-b3af-483b-a28d-c755f671d07a,86d4f7ef-e0d9-445c-be56-740288327998,2026-05-02 13:45:28.147068,debit,NEFT  - SBIN4841376 - 81511856 - 724380701765 - SELECTION MOBILE,91547.23,004125777,
514c4d23-b3ff-4d90-bbe4-bbbc15587a75,5acdb0c3-3f13-4e20-80d0-5c0abeafe36e,2026-07-17 12:43:42.066240,debit,NEFT  - SBIN2091241 - 86210427 - 523083708164 - BHARTI AIRTEL LIMITED,4273.89,63353310,FOoW6dOmWCLpXWuXTycjs3ST4jAbj/vJ
c6b73413-40ee-4b53-95fb-403e76dfb855,7a9a63d2-a544-4767-96f9-6da5b05b365e,2026-08-05 13:04:42.854678,debit,NEFT/220681558393/TMBL/PARESH VIKRANT GHASE,6228.43,31552065,
eb853501-5fae-47ad-bb2b-0bc9cb3c4e4f,fe64bd3d-2ae3-48d0-9d97-be73b84a5349,2026-01-28 08:03:08.392716,debit,IMPS OW/013649718924/Gautam Singh/ICIC/95625257150,3081.81,838903091,cuepbTNFkNg0MFzV+m8BxQml00+59t3HKk0Hmz1t2nrcKykYWA==
16e5c27c-8cff-4444-93cd-a1a421f22e7a,cb1b6f07-5ee6-4851-baba-09e5ca370104,2025-12-08 08:12:03.665181,debit,NEFT  - UTIB2630397 - 52450864 - 035533803396 - BHARTI AIRTEL LIMITED,4932.51,,9Usrag4WOvXB0bxh3AKG7PHdnPaSMeg61Cg=
c9c16e29-2ef4-4d14-a25c-24bcf31d3c52,ec452e26-b8d3-428d-af60-6deea71df335,2026-01-26 21:01:48.399947,credit,R/RATNR52129833816742/ZBFLCTP336PBL29344973//SELECTRICITY TWO PRIVATE LIMITED/RATNR52129833816742 /SELECTRICITY TWO PRIVATE LIMITED,145151.27,56627768,FK32JuJiAOJLe1tnIyEVkDqTW5q2k/sUtZlZMh4pNnuqy9SxTQ==
bf608b0e-8cf7-4b22-8583-2a3e6b92e821,be2cec6e-9807-4799-b9d3-faf67ee60668,2026-05-27 19:25:47.391270,debit,FT-RE4982824674-FLIPKART INTERNET PRIVATE LIMITED,17510.12,7152732300,kQDOrtr1U4FUo1HcOiAjVBvvOioU+6d/HiGpmSZwuLQmqAQ=
240ead67-2700-443f-954a-2383df44650c,1354136a-44db-426e-af7e-1d4bbb105b56,2026-08-12 19:16:44.316900,debit,NEFT  - KKBK9160169 - 23645875 - 066337050249 - AMAZON RETAIL INDIA,20768.45,9201166918,ca6820OMC0UM7Au7ltpeLSdDeBoFD+/WekrD+lf6Lr/6UonZcg==
21394ccc-3742-4683-821b-2bc62de899df,053f06ec-cfec-4eef-bcab-383f2faba37e,2026-09-01 13:30:31.705486,debit,UPI-IRCTC-XXXXXX9461-ICIC9524364-027011686462-252237281793230234,5902.8,912141614,
03419f8c-84fe-4e84-80a2-8f9d02b208c3,5104c168-3c0a-4f94-be43-077281f17b51,2026-02-23 13:23:28.648388,debit,NEFT  - HDFC4090138 - 06984775 - 965555356690 - UMANG SELECTION,39086.29,07620918,
e5c4c8cd-1550-49be-bc65-d45cc09b9677,2dcf9d25-1ad7-4b16-812e-6dec52d96340,2026-08-11 20:07:30.694830,debit,NEFT  - UTIB0505057 - 39769156 - 716493289802 - BHARTI AIRTEL LIMITED,4732.36,,rxduoGg03cUOm9NIV9tTAMPB9npCKX3P1S3LdYtx0v6GuGaPUoE=
85228829-c504-41f2-86f2-6ade39868c2e,86d4f7ef-e0d9-445c-be56-740288327998,2025-11-20 18:41:41.823218,debit,NEFT/332116025643/KKBK/LIC OF INDIA,24977.98,1287153991,aBmu+8o76ACt8YKtf1Vx2ta7HRfc0YrSgjq0OOZKXhM04kGJ
2519a8fc-8b80-4ea6-bda7-72e2a607ebee,57631ab4-2754-457b-a416-ee6e248c90e8,2026-01-10 10:33:42.630841,debit,NEFT/334141115931/RATN/LIC OF INDIA,16032.11,904098366,ZyuWwUVEZL9pX2eIOTEL6dm/ZeKXh/9zpE/ltmTeoVtPptQ=
bde97bb8-c132-4606-9763-5e03cd4d5ee5,22082ad1-5884-4501-9b15-046767dc7d9d,2025-10-26 07:51:21.160119,debit,R/RATNR51608752437729/ZBFLCTP420PBL95481497//GST PAYMENT NETWORK/RATNR51608752437729 /GST PAYMENT NETWORK,322916.99,,
f704a96c-0afe-4737-a528-d587d6fb97d5,22082ad1-5884-4501-9b15-046767dc7d9d,2025-10-19 16:37:27.155785,credit,IMPS/P2A/027642086567/CNRB/661844386125904/00/INET/7292/SELECTIONMALIGAI/ZBFLCTP7L2PBL74233305/INWD91,49090.66,66201572,xbb0DS6lSGJzV2nmpfEswV0bAGvQbpq2hdFj
61a1792d-e256-4ffd-b714-636e78ea71e4,86d4f7ef-e0d9-445c-be56-740288327998,2025-11-21 11:25:52.734781,debit,NEFT  - HDFC1367492 - 61764750 - 111178309997 - AMAZON RETAIL INDIA,12680.75,67649215,
c8490067-1a01-40c0-9a8b-8d90da82f9ee,6d42990c-48ca-49f4-bd48-54cc53576834,2026-07-30 07:33:57.820827,debit,FT -  88871898 -  13129208751029 - SELECTION ELECTRONICS,22529.54,11845826,ET37mrIzTMrwm/WPCSHu8D8724j2nUvH
6584ec31-05cf-4324-a605-7e03459d363f,0743cf10-caee-4d46-97d1-adcaf7bfe4fe,2026-02-08 12:45:23.591021,credit,NEFT  - SBIN9758598 - 83103032 - 432983954296 - BAJAJ FINANCE LIMITED,137179.83,267146283,
e529fa5b-ac16-450d-b84c-c9723cc93695,f45bab9b-4c16-4ed6-81e0-423432ac0a3b,2026-07-20 18:11:22.845241,debit,UPI-IRCTC-XXXXXX6256-UBIN0931418-186151554234-016361128497185948,1845.01,,
45ebd1b5-4f64-4ba2-8bc9-fc0efccc259b,6d42990c-48ca-49f4-bd48-54cc53576834,2025-11-01 22:45:56.968687,debit,NEFT/792408222694/HDFC/LIC OF INDIA,32553.25,396727578,
e4ba4e8a-9992-42d5-b9fa-623d54642e12,68f56938-d9bc-4bb9-a4ee-c06ff4db66bd,2025-11-20 06:45:27.736720,debit,NEFT/146511131290/ICIC/PARESH VIKRANT GHASE,11279.44,068277881,4JXMws/fr2ZIlO+N6V9+bftBDuKw/+VKz/8gXKqI
5bf81410-e5c5-4ccb-a8c8-01318a7b9e24,a92ea54f-8b3c-4d17-849e-762387729c9b,2026-05-31 14:13:00.773876,debit,NEFT/389097283215/SBIN/LIC OF INDIA,20410.53,762515381,
c5eed537-1f8d-47c4-a97d-e4dc9433cb20,6d42990c-48ca-49f4-bd48-54cc53576834,2026-07-03 21:00:09.806824,debit,R/RATNR53480797050975/ZBFLCTP451PBL05265016//GST PAYMENT NETWORK/RATNR53480797050975 /GST PAYMENT NETWORK,256182.14,,4XGEq/4wk5+z13i1RkX3BookxTiY/Ce6sjucrQ==
7ecbe5ce-5e10-4789-a7e9-81dfa766f526,22082ad1-5884-4501-9b15-046767dc7d9d,2026-07-19 18:32:46.968424,debit,IMPS OW/765456284177/Gautam Singh/SBIN/25605313402,2033.28,23741678,4rnemRnDyJhzFy71vTNeFTQgTEGcUHNdNnB7NQ==
e114e8a0-1693-47fa-975d-0ad28cfe1840,7f325976-2dd9-4e47-8052-ae9e2a26601d,2026-08-02 10:25:02.287164,debit,NEFT  - ICIC1022580 - 30569067 - 447163928234 - AMAZON RETAIL INDIA,34619.38,63718923,1y8sLz5297ZbOXmicHs6hm+A90rCMlro3pgeZw==
b6daa90b-bcb2-497c-8f12-75443d3441fe,6a95c413-8216-4db8-8a5d-938da91f165e,2026-08-01 14:13:37.402704,credit,IMPS/P2A/609310668433/CNRB/670860414545635/00/INET/0200/SELECTIONMALIGAI/ZBFLCTP0L2PBL53474916/INWD24,66641.33,110825559,LzsOu9Tfm+J8wNgLWoxod+3OBgBqY9QM9bkW50BKmeaXVOA=
8da02eeb-dea2-41e3-8562-a3c104609352,7a9a63d2-a544-4767-96f9-6da5b05b365e,2026-02-04 18:31:43.558335,debit,UPI-NAVYUG SELECTION-XXXXXX2910-RATN3371189-547382023684-855716176880294240,57436.57,,nc5EXcfB+JDRRTTo9OD3724a9hQKp7J0YrMV0TM7
92c96e52-217a-49ce-91cd-f0bdb53838aa,8b947903-09ec-4423-a804-386501211d7d,2026-07-19 14:46:08.428178,debit,UPI-IRCTC-XXXXXX2786-TMBL6694320-293908788443-448123083402424033,3347.19,,jdRhRLlF505QAHtgV6j5SfqVm2/rdjGDiTp8OQYPuhAHzpg=
7b784fca-b26f-40a9-b507-f901b5754e6f,cb1b6f07-5ee6-4851-baba-09e5ca370104,2026-03-18 06:19:10.928255,debit,NEFT  - CNRB0053424 - 08916498 - 373543962736 - ICICI PRUDENTIAL MF,40020.8,72722397,Oh6EddoLSCSdSFBfCzseMGZJNH6igc1jmqD0gJs=
4bf9408e-3bb6-44ff-9094-5afac21e4c8a,6d42990c-48ca-49f4-bd48-54cc53576834,2026-01-22 14:09:40.628765,debit,FT-RE9312163761-RELIANCE DIGITAL RETAIL LTD,110024.5,91660100,
9df9805e-dbe1-416f-88c0-fa70997da9a6,5104c168-3c0a-4f94-be43-077281f17b51,2025-11-15 18:43:56.749575,debit,FT -  18513279 -  72457230848100 - SELECTION ELECTRONICS,13739.3,203036625,/fh1iwXjqmG/5McqlZQdILvaT2Sc3BP3ibfEns+IvA==
82dc2fd2-9e5c-4e25-a5c5-62fcee7fc5b7,1354136a-44db-426e-af7e-1d4bbb105b56,2026-01-02 09:36:27.762008,debit,NEFT  - SBIN1314519 - 51510922 - 685926249451 - UMANG SELECTION,13030.45,410225267,CTVL1AkXEZeIGMScjn7d90Afpn1nvIqD/LiUD3W84x0lF+9j7vIU
28ee5026-0288-4f1b-80f5-ef51f5667cfa,6a95c413-8216-4db8-8a5d-938da91f165e,2025-10-30 09:03:58.366317,debit,IMPS OW/152265576769/Gautam Singh/CNRB/23668788788,4124.88,6893135030,eh0IrDlSsmV51D3kkLoYcSRpFlTPMfAmjZtyJSKYDbGN2KemreRz
56fd29b2-b31f-471e-953a-4f002ec2d654,7f325976-2dd9-4e47-8052-ae9e2a26601d,2026-07-08 19:43:56.476364,debit,UPI-SWIGGY INDIA-XXXXXX4728-UBIN3330212-606501917920-252131096227284765,1060.15,41200928,
69d8fbbe-3de7-4a86-b23f-d9ebf50ebd8b,7360e8b0-af86-49a8-b2f5-ada877290072,2026-02-02 08:52:44.491190,debit,NEFT/984362418623/UBIN/LIC OF INDIA,23571.31,,
3a0aa035-f6bb-430c-9116-50e48ddb6f11,d533a893-1d00-4307-8664-2ae95a82f066,2025-10-21 07:36:50.507308,debit,NEFT  - UBIN6205634 - 11159503 - 428113904383 - BHARTI AIRTEL LIMITED,5926.31,,
1c5f76d3-a7a7-4e7b-a754-074ece11b3dc,5a85fc4d-6354-4499-a3df-d031173d899a,2026-07-17 17:39:54.985809,debit,NEFT  - CNRB1405468 - 35652156 - 818209679042 - SELECTION MOBILE,24972.23,1332288985,kCwkXpiigl5E02qBdmQDtYWDYjEvo/zb6M25pw==
a85e012c-7b1d-4b1d-8b0f-5aa349226764,f4611490-f6cf-44c8-a399-4accf8b2fde2,2026-05-24 20:20:10.979428,debit,FT-RE6339912971-FLIPKART INTERNET PRIVATE LIMITED,30677.24,,X8qj4y7n1JXfzNbA4R0nouRBFEVm3i2RtiU=
8c0aacea-13bc-43a6-bf8f-6073b02dc44b,f45bab9b-4c16-4ed6-81e0-423432ac0a3b,2026-08-21 18:10:36.418675,credit,NEFT  - ICIC4955112 - 74747219 - 705466927589 - BAJAJ FINANCE LIMITED,576022.48,6874090380,
0266b299-0925-491f-a2be-214dc76d645f,22082ad1-5884-4501-9b15-046767dc7d9d,2026-01-27 19:17:16.666566,debit,UPI-NAVYUG SELECTION-XXXXXX6715-AUBL7871121-663651559737-147082723590960567,14378.41,,
540a27d4-4a04-4a1e-b7da-3a086b35b81b,be2cec6e-9807-4799-b9d3-faf67ee60668,2025-10-26 19:22:58.726559,debit,FT-RE2146147683-RELIANCE DIGITAL RETAIL LTD,102098.44,65423567,ZO3+kn0unMf4a8P26pM7j82Xeeh0+hcKAHN8Gck=
8556c72f-8905-4912-b5b5-2c33f2c15e7f,053f06ec-cfec-4eef-bcab-383f2faba37e,2025-10-23 06:23:52.381466,debit,R/RATNR50893199255027/ZBFLCTP275PBL16480727//GST PAYMENT NETWORK/RATNR50893199255027 /GST PAYMENT NETWORK,326679.87,33682963,3KoP48iQFhPmNCu47mEkU6fCytPRqHJKUDpNz7+Y
85454875-d967-4855-8341-5d60e2e3c06e,68f56938-d9bc-4bb9-a4ee-c06ff4db66bd,2026-01-31 09:40:28.527812,debit,FT -  48177665 -  58685127652892 - SELECTION ELECTRONICS,51134.84,6491111096,
ceefa48b-6ebe-47cc-83e8-80ecfe4702d4,f4611490-f6cf-44c8-a399-4accf8b2fde2,2026-09-03 10:50:23.881610,debit,R/RATNR54633786137157/ZBFLCTP660PBL53844446//GST PAYMENT NETWORK/RATNR54633786137157 /GST PAYMENT NETWORK,343184.39,,U/XIeWZNEeoxGuQXuAlOu34aFhJImY+Zxw==
73e80700-7810-4504-9a82-743f7d63551f,d533a893-1d00-4307-8664-2ae95a82f066,2026-07-23 13:46:49.846302,debit,UPI-IRCTC-XXXXXX5296-UTIB8639609-626265826312-819648253110609209,4333.18,96027523,1s8GNbynzY3TD8e2pDQQJDlT9JS6A1AzAIQXF4969A==
7e4e8f3e-6e92-49c8-b322-9cb72a8628b9,7360e8b0-af86-49a8-b2f5-ada877290072,2025-10-21 17:30:39.629138,debit,NEFT  - HDFC4120911 - 79112442 - 117536170617 - AMAZON RETAIL INDIA,43185.16,572240299,mMP8KFnQ9p4+rgda91LJGxs7p1zbAuFINv1u
2605d831-5fc4-4e23-8b1e-e30f2e0f347c,5104c168-3c0a-4f94-be43-077281f17b51,2026-07-18 13:05:46.725196,debit,NEFT/284139080882/UTIB/LIC OF INDIA,31006.23,,
19c6b3c7-583e-4f03-8c8a-85c571bfc63e,5acdb0c3-3f13-4e20-80d0-5c0abeafe36e,2026-07-15 08:28:10.932655,credit,R/RATNR54731584776863/ZBFLCTP423PBL46199423//SELECTRICITY TWO PRIVATE LIMITED/RATNR54731584776863 /SELECTRICITY TWO PRIVATE LIMITED,383816.73,694591966,
9a9fca05-fb5c-4881-9e4a-2e5622d56e29,7360e8b0-af86-49a8-b2f5-ada877290072,2026-07-26 08:36:57.677663,debit,NEFT  - RATN6498560 - 12562531 - 355251050537 - SELECTION MOBILE,71556.56,81649383,
c10e0b75-6774-4026-adf8-a40d56e93463,57631ab4-2754-457b-a416-ee6e248c90e8,2026-08-17 18:02:57.559380,debit,FT-RE5533077046-FLIPKART INTERNET PRIVATE LIMITED,4972.21,5963904090,uhB+gSrcoA11xtGYsBBYZGcb3rTJpwabrwS+EtDfg0yn
dd9d9631-f057-473e-94c3-e23a310b7d0c,f4611490-f6cf-44c8-a399-4accf8b2fde2,2026-07-22 14:21:44.642515,debit,UPI-IRCTC-XXXXXX5017-ICIC6445561-857906477159-103002156321358004,5334.92,,
78eb2192-1cf3-400f-ac8d-0101db9f5dea,5acdb0c3-3f13-4e20-80d0-5c0abeafe36e,2026-05-29 16:13:52.619208,debit,NEFT  - SBIN2971252 - 96718839 - 774573144158 - AMAZON RETAIL INDIA,37681.62,11703037,w57hV88nCKhkMa8KREleE0MBHgLeiBlxEaHvecvO
8d5ee689-e7da-4d29-82d8-7fc0a46960e9,d533a893-1d00-4307-8664-2ae95a82f066,2026-08-07 12:25:11.622905,debit,UPI-IRCTC-XXXXXX4728-ICIC2356798-363146249127-113072407875418156,1508.78,850745106,Uai8ZUxTqpFUQX1+Ef/C8q9Xxm1SunCmetoE6JIXt3wJcWmTYw==
06c7f71f-7d68-44c1-a715-d515ee32d3b7,1354136a-44db-426e-af7e-1d4bbb105b56,2026-05-22 21:47:19.893978,debit,IMPS OW/861031310094/Gautam Singh/UTIB/18143966613,3696.23,732354940,
2cbed98b-885a-4257-abe0-e05bd8513744,f45bab9b-4c16-4ed6-81e0-423432ac0a3b,2025-12-31 15:53:14.550784,debit,NEFT/512257207650/SBIN/PARESH VIKRANT GHASE,14628.38,09579073,Zt9A+Iu5AuiBHSlQZ6EkZpYLU9Baf0hjjw==
43429ee3-f43b-454c-8ec3-cc4bfcec7295,f45bab9b-4c16-4ed6-81e0-423432ac0a3b,2026-04-18 16:53:39.128934,debit,UPI-IRCTC-XXXXXX2114-CNRB7758474-570545897148-026325703965313614,5299.72,824556964,mEzjMcT3aEHpheoBd5e/UJGKfrrf1nc2HQ==
cfa4b964-a188-4b22-aeaf-860a26fef79d,5fd35d6c-7bd8-47d7-9b0c-ce852e0a9f93,2026-04-12 07:31:19.005337,debit,FT-RE9541072728-FLIPKART INTERNET PRIVATE LIMITED,36750.18,2474140703,
013bbe47-9a24-4a62-86dd-a2cb251f7374,a92ea54f-8b3c-4d17-849e-762387729c9b,2026-04-15 08:18:14.033697,debit,FT-RE0042548821-FLIPKART INTERNET PRIVATE LIMITED,27244.89,,vlRMTN7u73UVEZfOhhybc7DSMulBlKlbvijLWNbfxEqV9v1Msw==
a77e0d1b-3cb9-4324-b3ae-83bffa0cee7b,a92ea54f-8b3c-4d17-849e-762387729c9b,2025-10-28 20:01:58.586058,debit,NEFT  - UTIB6661449 - 42965923 - 426834414978 - BHARTI AIRTEL LIMITED,2058.66,128758575,/MfqxX04RwS5WBRCX1FQS8eFWUlRnI+Rx02gv8NB/nRqrHvb+Q==
4c849b3e-39f1-45ca-94ef-b0c79ccfa3a9,2dcf9d25-1ad7-4b16-812e-6dec52d96340,2026-04-15 22:47:45.055595,debit,FT -  12943985 -  29894062607870 - SELECTION ELECTRONICS,12196.02,59149750,
a2294fa0-841a-4197-9f64-8ee7a82862ac,6a95c413-8216-4db8-8a5d-938da91f165e,2026-07-12 14:25:24.731541,credit,IMPS/P2A/872324407931/ICIC/029181331708760/00/INET/1467/SELECTIONMALIGAI/ZBFLCTP2L2PBL38497916/INWD20,17012.51,3288377441,99waJYqyk2kcbkdB/rWnc1b3g52S7m4ofDoeDNaKg/9ErlyjvQt3
57da6f76-d619-48d7-8609-405240e27bb3,5fd35d6c-7bd8-47d7-9b0c-ce852e0a9f93,2025-11-17 21:24:30.635271,debit,NEFT  - UBIN6204719 - 60940970 - 527740258835 - UMANG SELECTION,36394.37,1225957244,y+qk/BXQOCaxiJ6y1ZkDGLzUeKMlX55zRCQ=
686cfee3-ea8b-4586-ab6a-c166d49cb25d,7360e8b0-af86-49a8-b2f5-ada877290072,2025-11-09 21:20:48.242781,debit,FT-RE2599599610-RELIANCE DIGITAL RETAIL LTD,9280.67,,4RxkwgEVQPtNbNEjxQ/MGCn+2YkGunl0TC7RsSFWH5dSX2kWkaSs
b3e1a74a-845a-4b1f-aa6e-51672c6b7fa2,7a9a63d2-a544-4767-96f9-6da5b05b365e,2026-08-20 20:24:08.668357,debit,NEFT/266109410175/RATN/PARESH VIKRANT GHASE,9653.76,,
403d927c-fd1e-4742-8613-dbcdf1c35f8f,3d33ba68-1c96-4647-921d-b86f45b5f110,2026-01-08 20:27:40.394388,debit,R/RATNR53477433268319/ZBFLCTP013PBL02056981//GST PAYMENT NETWORK/RATNR53477433268319 /GST PAYMENT NETWORK,183541.43,8733978559,w+w6a9nQpgKkxXE472zXEFKeWnB9S9OheqSjiQ==
c818d8cc-54a1-4e8e-8432-c21889d3b82a,be2cec6e-9807-4799-b9d3-faf67ee60668,2026-07-16 08:26:38.775201,debit,UPI-NAVYUG SELECTION-XXXXXX2841-ICIC7309850-344651241893-898469081974005643,21403.39,38503719,H+RxR2H8DXm/ySK++0H2opJxhPdwcuN7wQ==
570ae916-38de-4ccd-9f4a-a5c6fb1776f9,be2cec6e-9807-4799-b9d3-faf67ee60668,2026-08-01 08:37:00.238158,debit,NEFT  - TMBL7240107 - 83567430 - 003896087066 - ICICI PRUDENTIAL MF,71066.85,821719553,DQV0ZzjzuyrIBRZsQtIaO+9PfnVR4PM2NA==
2c615dac-4f03-4841-99da-5c30259c2af9,f4611490-f6cf-44c8-a399-4accf8b2fde2,2026-05-04 21:45:47.852937,debit,FT-RE0301027240-FLIPKART INTERNET PRIVATE LIMITED,12279.72,42967111,
4f803b68-105a-45b4-a5bf-35e6bf1d3415,22082ad1-5884-4501-9b15-046767dc7d9d,2026-04-04 21:01:55.401172,debit,UPI-SWIGGY INDIA-XXXXXX7458-KKBK3845881-056974132834-831520377107044964,1845.72,,
255fa632-13e2-45cf-b679-6ca007016686,0743cf10-caee-4d46-97d1-adcaf7bfe4fe,2026-08-24 13:49:34.310194,debit,NEFT  - HDFC3362680 - 40850954 - 930596601864 - AMAZON RETAIL INDIA,38703.88,9842673204,cb9ZGmiSPNacqAin3xhFDkezPVeehhrA6lsyMoXeopw=
7c58dbec-352d-4fca-b3f4-cd9e23a132ce,6d42990c-48ca-49f4-bd48-54cc53576834,2026-08-02 07:11:43.531333,debit,UPI-ZOMATO ONLINE ORDERING-XXXXXX0945-KKBK4901495-427707070578-360914985172444723,1649.78,,M8sPTboDQ2soicDaXZV6FK2FEAO/ajpl4g==
54e680ae-b0a8-42a7-8084-feb1e92f5c59,d533a893-1d00-4307-8664-2ae95a82f066,2025-11-11 06:06:38.221752,debit,NEFT  - HDFC8304405 - 80935118 - 718133595616 - TATA POWER COMPANY LIMITED,16013.65,565749025,
59ef1cc3-2328-4298-843d-1ffb2f71613a,a92ea54f-8b3c-4d17-849e-762387729c9b,2026-04-06 20:50:26.240924,debit,UPI-ZOMATO ONLINE ORDERING-XXXXXX3690-SBIN6113989-868180978875-439435353751376515,1489.05,,4mD7s3PbtfiFcH3gLB4u5xJ8tP2r+G/gLrXPw6nHNsV5jE93XFM9
3b41b519-7a08-4486-8333-526712a96582,7f325976-2dd9-4e47-8052-ae9e2a26601d,2025-11-23 17:08:25.730782,debit,R/RATNR58369294455116/ZBFLCTP682PBL97327021//GST PAYMENT NETWORK/RATNR58369294455116 /GST PAYMENT NETWORK,220940.29,7120602128,rpD/fo6e1s23BKSDEUuXDRO7unSE6GD8S3UXbSoOxMVIAFN3
84440725-7797-493c-a09a-7cb38e3cccc2,86d4f7ef-e0d9-445c-be56-740288327998,2026-03-06 20:24:20.459891,debit,NEFT/415599910157/UBIN/LIC OF INDIA,23924.96,472298120,dkqiKS9hPc3mPkzfdx7hnkgJgMng85K7MzUeLK5XSC5Isyc=
778a65b3-1171-4a17-82c7-3517289ca269,5acdb0c3-3f13-4e20-80d0-5c0abeafe36e,2026-08-22 15:10:07.301825,debit,FT-RE1347509889-RELIANCE DIGITAL RETAIL LTD,78693.04,522036849,CSLuTN9beaJMBKhWS2ipQRsQ5pRWFjjuSWqmdu8FleWPzg==
b283d661-0994-410e-a537-036dfb6e4f93,1354136a-44db-426e-af7e-1d4bbb105b56,2025-12-10 14:46:42.122119,debit,IMPS OW/732449134213/Gautam Singh/TMBL/82090883070,1910.75,6782741176,oH1ORljNDknwsJlXhzJZzL7PRUjnyWjMMrI=
5e53c127-903d-46f6-b251-2258c1a47278,be2cec6e-9807-4799-b9d3-faf67ee60668,2026-06-29 14:39:24.661679,debit,UPI-SWIGGY INDIA-XXXXXX3152-TMBL5478150-618538003296-334727274231830617,1293.36,,
a424a174-2797-4a4b-90b6-8bf7e891d25d,86d4f7ef-e0d9-445c-be56-740288327998,2026-07-27 12:56:54.820854,debit,R/RATNR55782434776958/ZBFLCTP741PBL31467536//GST PAYMENT NETWORK/RATNR55782434776958 /GST PAYMENT NETWORK,75593.21,156277963,
9ab919de-519e-45d6-8276-118c2fff7cd6,5a85fc4d-6354-4499-a3df-d031173d899a,2026-03-28 16:08:38.565987,debit,FT-RE8545667664-FLIPKART INTERNET PRIVATE LIMITED,34713.83,3504763928,
cf9bdeb9-914b-4518-8f6d-0ebe256e1f01,689eb9ff-51c2-4159-adc0-a32bf07bed77,2026-08-21 18:50:31.044339,debit,FT -  61558108 -  35832863425563 - SELECTION ELECTRONICS,52000.85,,V0fgvZ+ugeRGRLmdBhhF/MrlfAYIPVUBnS+mHPsb26BJeFRvMRNClg==
3b18af87-0a8b-4640-be6c-40680f134fa0,cb1b6f07-5ee6-4851-baba-09e5ca370104,2026-04-14 18:12:53.635113,debit,FT-RE4033041662-RELIANCE DIGITAL RETAIL LTD,123652.9,18600892,
87ad0082-25bd-4ae6-b27e-ac0dd3f6ebc2,d533a893-1d00-4307-8664-2ae95a82f066,2026-07-18 08:06:35.177477,credit,NEFT  - UBIN8044731 - 49764613 - 684748836076 - BAJAJ FINANCE LIMITED,575728.69,1739063757,AChl4974PTCrWrP1FlVnOnaymwJuUx/J7BAJaEsX3da3
2abc6172-3796-4b41-9b62-37f90453fd93,1354136a-44db-426e-af7e-1d4bbb105b56,2026-07-08 15:07:27.308515,credit,IMPS/P2A/931269789307/KKBK/645205996043878/00/INET/7535/SELECTIONMALIGAI/ZBFLCTP7L2PBL78811616/INWD20,15536.05,37106728,zC54tfyWQX0LMZZJp3zTpvKBp8SHXabYuKxjpGSpHqKJeBgr9w==
e822a302-6832-4fc5-9b82-a379d04ba7a4,d533a893-1d00-4307-8664-2ae95a82f066,2026-06-07 11:04:22.667254,debit,IMPS OW/959224839589/Gautam Singh/KKBK/77352287056,978.21,43318751,
ada35096-43db-485f-92ff-50f64aacc353,22082ad1-5884-4501-9b15-046767dc7d9d,2026-01-10 18:21:36.809478,debit,NEFT/503446945964/TMBL/LIC OF INDIA,21230.51,92134249,
a757fa2e-77fa-48c9-8a09-018b396fd114,5acdb0c3-3f13-4e20-80d0-5c0abeafe36e,2026-01-20 21:22:19.879387,debit,R/RATNR59732033192227/ZBFLCTP051PBL02876754//GST PAYMENT NETWORK/RATNR59732033192227 /GST PAYMENT NETWORK,260180.05,,JzSA4yEVi1c+vbMPO+rhEQ6LvBGIEJtW2AKM0r2ne7b/b34o
2561685a-6cf3-4c80-b6dc-3e0df9138e65,d533a893-1d00-4307-8664-2ae95a82f066,2026-03-18 21:25:02.729283,debit,UPI-IRCTC-XXXXXX8193-SBIN4268774-186520575639-836520375830945154,3165.92,,
2c5e62bd-2760-4ce8-a6d4-88d332a0e0f1,5acdb0c3-3f13-4e20-80d0-5c0abeafe36e,2026-03-10 19:53:42.702169,debit,IMPS OW/090797727810/Gautam Singh/CNRB/09222161070,1639.76,390552958,
787afdcb-694b-4172-83de-0bff7a749d75,8b947903-09ec-4423-a804-386501211d7d,2026-07-20 06:49:10.827050,debit,NEFT  - UTIB8241270 - 49386204 - 485157919711 - SELECTION MOBILE,110817.24,,
281948ef-2e47-4591-8546-773d7696f956,ec452e26-b8d3-428d-af60-6deea71df335,2025-12-24 18:09:34.596337,debit,FT -  57134324 -  06424295633432 - SELECTION ELECTRONICS,88238.65,75955872,
d4446f9c-8fbf-44d6-9820-2d32f1dad770,57631ab4-2754-457b-a416-ee6e248c90e8,2026-05-31 18:19:02.974116,credit,IMPS/P2A/543588418343/AUBL/401827279559690/00/INET/5150/SELECTIONMALIGAI/ZBFLCTP2L2PBL67551254/INWD27,40540.58,979966734,sQJ5RsgYD8NmD13bVFZfiUhlHKL+y/2JHfnBTOIPl9l+hQ==
c708fb83-650e-49d5-922e-66cf6a1857ec,7a9a63d2-a544-4767-96f9-6da5b05b365e,2026-09-05 10:12:56.180426,debit,NEFT/664969028249/TMBL/PARESH VIKRANT GHASE,3377.7,25014257,3UdClzPAc4sVviGMzKrm8LM38gRG/OEgxuT7Mgnn+Xx3COwNRss=
5ae6cffc-dd30-4681-84e8-68e26ed00b2d,68f56938-d9bc-4bb9-a4ee-c06ff4db66bd,2026-04-05 13:23:23.356359,credit,NEFT  - ICIC2336132 - 85072517 - 863767316252 - BAJAJ FINANCE LIMITED,299941.78,696815790,
e5ecdf4c-cbf7-42e5-9766-cd7b913e9297,5104c168-3c0a-4f94-be43-077281f17b51,2026-06-27 07:19:27.271213,debit,UPI-IRCTC-XXXXXX9961-UTIB2730346-156262446704-622681715160252986,4211.9,,qNBkHMMakyVghFO5hwf90o7sAFr9oKrYfFHvOnGeQL55GmHn
52a8d9ab-4364-43be-bef1-00ea3fd339a4,0743cf10-caee-4d46-97d1-adcaf7bfe4fe,2026-07-30 16:43:18.804083,debit,NEFT  - TMBL5758512 - 68612059 - 438976074017 - UMANG SELECTION,20029.28,,RkTewOu5Ug3aTlFTRUOgiCjWF538Kqhkhf8Pt4i5c4/Ko3Y=
368db9fb-4550-4e3a-92f6-18cf0abe4ba8,5acdb0c3-3f13-4e20-80d0-5c0abeafe36e,2026-04-04 09:24:32.760636,debit,FT -  24560754 -  09150863218122 - SELECTION ELECTRONICS,58798.2,938970155,
70431556-221b-4187-97a5-8f622eb59ed2,0d369ec1-81e7-4228-b206-cda903b192dd,2026-04-14 16:34:24.498705,debit,UPI-NAVYUG SELECTION-XXXXXX4660-SBIN4161394-498830597364-248096244063062447,36746.61,133053194,kSjeiHoTSORth0jQd2Fl99idnYblvItu1UJvrmsHc2V7cqm87f8=
275b2344-01e8-4e94-9f67-ac1ed88d8267,5104c168-3c0a-4f94-be43-077281f17b51,2026-03-06 06:09:39.613350,debit,NEFT/555572773826/KKBK/LIC OF INDIA,17088.15,1785138544,bRAb27TU3n6n3Mg6vSARmE6YIc2HmnM/+Rd3QqrZv1Vf0gEKhAc=
f3973fca-f316-4db7-a612-d86103d496b7,a92ea54f-8b3c-4d17-849e-762387729c9b,2026-05-01 17:48:13.438493,debit,FT-RE9660487368-RELIANCE DIGITAL RETAIL LTD,24096.12,63319422,MrK74xkQcM9kRdh00z/1OhK7ToYijZJgsCn61Y6LpETRPqq+
4aff00f3-6a59-4955-9f69-c56f66899e12,5acdb0c3-3f13-4e20-80d0-5c0abeafe36e,2026-08-12 21:43:05.998082,debit,NEFT  - CNRB5158886 - 36774722 - 640857216966 - ICICI PRUDENTIAL MF,43977.91,3299819960,8vJNaNXEZX6fWwicLO5bttYig159uUEUS6KtjXC1wA==
2291b182-db1e-4cff-96a0-7fbfe947e903,689eb9ff-51c2-4159-adc0-a32bf07bed77,2026-07-13 22:40:41.461421,debit,UPI-SWIGGY INDIA-XXXXXX9688-UTIB2753273-524103977397-327819523710068761,1755.24,8198077046,Gc4K+RczECFc97sC6ngMuOWvYpdZEY+phQ==
61bed315-99d8-4cdd-b20f-922b06e8973a,afb5c851-0b42-4395-93a6-3056699af523,2026-07-18 20:44:16.595833,debit,FT-RE1249125652-FLIPKART INTERNET PRIVATE LIMITED,34736.55,41517734,uAXkQpFjKq0+acYuc/5H6PjBTWw+WgXTokooSB1DVfPyqRy1KuY=
069305ad-e212-4ef8-9577-3a3469fcc529,f4611490-f6cf-44c8-a399-4accf8b2fde2,2026-07-22 06:16:23.756169,debit,IMPS OW/228403595442/Gautam Singh/RATN/47742229464,3220.14,,
867faa97-059b-4922-91b3-2ee4bb811ed0,6d42990c-48ca-49f4-bd48-54cc53576834,2026-01-10 11:44:59.682420,debit,UPI-IRCTC-XXXXXX7925-SBIN9858567-287276015343-324913577908335061,5726.56,888107983,
97a8d138-7b4f-4d6e-b5a0-31cdfaa6fa1c,22082ad1-5884-4501-9b15-046767dc7d9d,2026-06-09 07:20:50.664698,debit,NEFT/720948413128/KKBK/PARESH VIKRANT GHASE,1382.54,,6auoGcGi1G/DbayMJHrzrdlG4+rz+qSM/qLkAoIthrDiTd7sXRDP
1a081d73-189e-435c-be48-32b68ee8f15a,3d33ba68-1c96-4647-921d-b86f45b5f110,2026-01-26 15:06:59.903903,debit,UPI-NAVYUG SELECTION-XXXXXX7171-AUBL3189397-490961739970-469472587844483548,31177.61,27058772,
73c11f3c-2558-47e9-a38c-9d5bcb550da9,0d369ec1-81e7-4228-b206-cda903b192dd,2026-06-15 19:36:25.799743,debit,NEFT  - TMBL2313348 - 45871493 - 925236229258 - TATA POWER COMPANY LIMITED,17698.47,4347452455,dGrqquK2/CUlaGukz12Cvs2SrsIPdXNg7hmKOoB7BmKX8w==
621b1d08-3ad6-4d21-8a07-37c042b840ef,5104c168-3c0a-4f94-be43-077281f17b51,2025-12-14 09:04:15.168210,debit,FT-RE6065274033-FLIPKART INTERNET PRIVATE LIMITED,25327.05,056658833,KAGqhjpa4teDai/zbkZUgC1rxeigdQt7ZFRUjydoOvWZ/enmj7s=
f73b3ebd-ea0d-4ca6-a5e4-e5d9ec7b87b9,41ae105e-66ef-41bd-9300-dd72d5fc706e,2025-10-30 17:57:49.467497,debit,UPI-ZOMATO ONLINE ORDERING-XXXXXX9706-AUBL3499601-054857417215-622949381735984884,1786.01,,gjWzwD7VJL0zwsBXLSMP7lAopYrBU81VPtCfiZhhcnKo+A==
9855a970-625f-43a5-a374-31aa3fbccee3,aff83df7-2fc5-4cbf-af20-0cd467360a5f,2026-06-13 19:56:01.420967,credit,IMPS/P2A/573755344902/ICIC/666708085096085/00/INET/8749/SELECTIONMALIGAI/ZBFLCTP5L2PBL11918182/INWD81,42305.14,3164772512,mY9hRmqlerjO5yIjQ3x+3KDAiZSL1fP7thoO1XS0zgl9/Q==
ce367423-92ae-4297-8e00-13ff7581bc36,cb1b6f07-5ee6-4851-baba-09e5ca370104,2026-01-18 17:04:20.912844,debit,R/RATNR50960035624395/ZBFLCTP873PBL95923234//GST PAYMENT NETWORK/RATNR50960035624395 /GST PAYMENT NETWORK,107161.63,,Hf8CuWsuCM5GCv/dat6z+GYG89k6wZ+GqA==
6ad81616-366f-4b2e-9061-cfb72267403d,22082ad1-5884-4501-9b15-046767dc7d9d,2026-07-29 09:29:01.007608,debit,UPI-ZOMATO ONLINE ORDERING-XXXXXX3342-UBIN4335027-160736077633-691128981231795563,683.75,,p3RANzbMZ8OzsmlnwOMVoXC9jicwWxWgdleefauixlIx3ze5cVob
f9f6afba-7aeb-4381-a7ca-82b2d97e8eb0,2dcf9d25-1ad7-4b16-812e-6dec52d96340,2026-07-13 09:50:10.031436,debit,NEFT  - UBIN1554164 - 31670450 - 232902822700 - AMAZON RETAIL INDIA,27031.1,596262282,ml6hdkHwladVrFIOpHIb0b6OLscMnaL4pzAcZs0=
097adaa1-70e4-421b-b9a9-ccb956c25ce6,ec452e26-b8d3-428d-af60-6deea71df335,2026-03-14 17:39:42.751111,debit,NEFT  - KKBK6549500 - 50702608 - 698221053161 - BHARTI AIRTEL LIMITED,1455.49,872904774,
2ac4a676-c076-4a7e-ae79-78f26b8a223a,41ae105e-66ef-41bd-9300-dd72d5fc706e,2026-08-12 16:00:36.504130,debit,NEFT  - AUBL9323822 - 31164913 - 342457988942 - UMANG SELECTION,15133.93,90603202,DOSVFj+0Wn6tvYhnAnV3LQ/mRFlX6p2MxX6CGgNk+g==
7cdb479f-5f82-441b-bebb-c5219a7c9de2,a92ea54f-8b3c-4d17-849e-762387729c9b,2026-06-14 08:55:32.191482,debit,NEFT  - UTIB9673794 - 87148552 - 457871584156 - BHARTI AIRTEL LIMITED,5959.49,13711842,QYAGud3Wo5RiOXtPqANjOHGOqKHPcSDqXymc9nU4lW0/
18329127-3ac8-4dc3-b55b-2ae54790ee77,3d33ba68-1c96-4647-921d-b86f45b5f110,2026-07-30 15:13:59.769089,debit,NEFT  - SBIN3035892 - 98808583 - 825212932896 - AMAZON RETAIL INDIA,38694.14,468677524,
07751b8b-ec5c-4412-ab65-841c970939eb,8b947903-09ec-4423-a804-386501211d7d,2026-01-21 21:14:42.459561,debit,NEFT  - HDFC6227236 - 26693351 - 342619237245 - ICICI PRUDENTIAL MF,6023.06,,1l2SDV5IVhrvNkva3ohcKH7PG++ApZwj3/Kk
778ed5fc-a6b3-4beb-94c4-4ff3023e4ecd,afb5c851-0b42-4395-93a6-3056699af523,2025-11-22 22:21:26.699377,credit,NEFT  - TMBL9721540 - 64176927 - 438119953766 - BAJAJ FINANCE LIMITED,128326.26,,SW+Eoo3fCRRLWd8/EdterSA1vVUfLWrNUrSd7KNaIJc=
106804af-e434-4129-bf1e-4dba9ab5b00d,a92ea54f-8b3c-4d17-849e-762387729c9b,2026-07-15 20:54:29.601195,debit,IMPS OW/101739739641/Gautam Singh/AUBL/89969860919,4207.21,91135996,viXNVrYfrbqfGClVo78+K2PVAzxa3oLiwQ==
05758ae5-f60e-4d55-9242-efa9207769d2,f4611490-f6cf-44c8-a399-4accf8b2fde2,2026-03-22 18:12:16.897555,debit,UPI-IRCTC-XXXXXX6603-RATN2051460-745553470574-238856527155983541,5510.78,,GRvvf/98RLYLLTjZswqzQ439BcSJMkr+u/Fvy5JmqIMy0UbvqMB8
8a8ef696-a644-408b-a36c-684123e94fce,a92ea54f-8b3c-4d17-849e-762387729c9b,2026-08-13 14:01:31.235372,debit,NEFT  - CNRB7522501 - 39488488 - 269131196425 - BHARTI AIRTEL LIMITED,5029.04,149915370,
8fd8bdf5-dd66-45e0-a568-1d5dcea9768a,86d4f7ef-e0d9-445c-be56-740288327998,2025-11-24 13:20:34.374419,debit,NEFT/373204309776/TMBL/PARESH VIKRANT GHASE,8492.78,289696454,Sc726uegqy4/wm7jW8bAK//8VNIfRXNXGv2lqoaJnUtF/9I=
3e207596-9904-424c-a08f-70c41b5064dc,7f325976-2dd9-4e47-8052-ae9e2a26601d,2025-11-04 10:49:34.714417,debit,UPI-NAVYUG SELECTION-XXXXXX5389-SBIN1878519-358374907977-961208780572151494,56946.37,9762637484,hMXOjMH8gsyZ9Kc67rGJ6wWbW9mhvI1mCbEEKZe4g+YR//muHefKFw==
bdefc8f9-7b80-42dc-aff4-fa814d92fb00,d533a893-1d00-4307-8664-2ae95a82f066,2026-06-24 14:31:05.193531,debit,R/RATNR50905911918623/ZBFLCTP392PBL20715116//GST PAYMENT NETWORK/RATNR50905911918623 /GST PAYMENT NETWORK,295521.39,667252145,
f84a7228-edd5-4c84-9ed7-c8074be29ed4,6d42990c-48ca-49f4-bd48-54cc53576834,2026-03-02 10:38:23.601866,debit,IMPS OW/335157184090/Gautam Singh/TMBL/05120800564,235.5,5123972835,
0c89b290-951c-4b37-a6d1-c850a4767e91,0743cf10-caee-4d46-97d1-adcaf7bfe4fe,2026-01-16 09:42:35.068643,debit,FT-RE2827090814-RELIANCE DIGITAL RETAIL LTD,140579.71,8217392957,B9nMLN+rEGmXPoA335giGJWEVLxPERd3pGAyaZvBDB0weiWR
a1fb1eef-40aa-4f1f-89da-2820d9990ddc,86d4f7ef-e0d9-445c-be56-740288327998,2026-07-20 07:34:01.049500,debit,UPI-ZOMATO ONLINE ORDERING-XXXXXX5237-UTIB6050791-815899886834-527346666170715879,1094.26,080314998,
60e1e530-36d0-4ef6-80e8-01f87627df0a,053f06ec-cfec-4eef-bcab-383f2faba37e,2026-01-02 16:11:24.866723,credit,NEFT  - UTIB5806882 - 85031723 - 513739900631 - BAJAJ FINANCE LIMITED,562156.12,,
7616bfa5-371c-4809-bdff-45fb0916ab22,fe64bd3d-2ae3-48d0-9d97-be73b84a5349,2026-07-26 12:52:49.511932,debit,NEFT/602293946943/KKBK/PARESH VIKRANT GHASE,6433.45,,81hdS7LJ2fIdBiJeEObf3p482lWZDnLiwaUibzeyPrbqC3QK
ece0c130-22a8-4e8d-8506-8c1ca96a3dcb,5104c168-3c0a-4f94-be43-077281f17b51,2026-08-02 18:11:05.799582,debit,IMPS OW/607231112712/Gautam Singh/TMBL/52464844941,3828.85,18732807,9ObYjF2uPHBk/490crYruN2GKFV30wa17TQf
94dd3c75-1af2-4e23-b530-0c74eebaafe0,86d4f7ef-e0d9-445c-be56-740288327998,2026-07-12 10:57:06.717557,debit,UPI-NAVYUG SELECTION-XXXXXX6957-SBIN7908335-090254257306-624813235707139848,11343.68,011688092,WBP+f4IPcM0IukH7Td9Lt0VD6jxKktC7Ialc59/8Yt1npg==
7eb05eab-750f-4185-b074-880a4afdf366,5104c168-3c0a-4f94-be43-077281f17b51,2026-06-02 10:29:34.922164,debit,NEFT/609069130981/HDFC/PARESH VIKRANT GHASE,9908.51,6496737945,SwYfbGTrz1ASkZMAignxo+AAroO3pt4L4CSJj8QgovasWqUd1r8=
ba0e26a4-b0fd-42a5-9423-f431d4b91c76,22082ad1-5884-4501-9b15-046767dc7d9d,2026-08-29 12:21:35.933153,debit,UPI-SWIGGY INDIA-XXXXXX2426-KKBK2506420-768362536667-776755562833339395,1995.73,543627187,v2X+5Mze7EwzR66gBM11Or4JnxFTUOg5QpLQ3HkWS2vMFoF52A==
868ae805-14fb-40dc-804e-44816189f452,053f06ec-cfec-4eef-bcab-383f2faba37e,2026-02-07 07:43:06.825189,debit,FT-RE8627036924-RELIANCE DIGITAL RETAIL LTD,147626.72,6932657327,8JUk2t7AaPA0KfsWzhTsLEwICq0z08wZFRujo77LsbmwKys33LpQJw==
48200298-a007-4a47-bfa1-36813d448c68,be2cec6e-9807-4799-b9d3-faf67ee60668,2026-06-03 06:37:44.857684,debit,UPI-NAVYUG SELECTION-XXXXXX0005-ICIC5532341-595977524418-222618962887431271,45829.06,,EqzikQdDcZEH7Vo92pFqZHQdoCiZ0SN8E9FPmdod6yR9xI6g
7550105b-c44d-4adc-88b8-0582da8fb30e,0743cf10-caee-4d46-97d1-adcaf7bfe4fe,2025-12-07 06:47:36.020145,debit,UPI-SWIGGY INDIA-XXXXXX9927-HDFC7955151-229462135415-970996254384807520,1481.28,765047158,
1f6f35f5-e8e7-4191-9432-511189a78309,053f06ec-cfec-4eef-bcab-383f2faba37e,2026-09-04 06:47:51.357705,credit,NEFT  - UTIB7660465 - 58665254 - 837441715810 - BAJAJ FINANCE LIMITED,505377.54,31251293,CTGkXYGhHPIXjy4qm9N/z6YtO3r6kGOY2Ts=
c1175892-06ec-43d7-96d0-b0d2557e9060,8b947903-09ec-4423-a804-386501211d7d,2026-05-05 12:44:07.737010,debit,NEFT  - SBIN9751910 - 23121106 - 330165837379 - ICICI PRUDENTIAL MF,72096.03,9072801234,
b283ab09-5da4-44f8-a7df-94132f84e0fc,3d33ba68-1c96-4647-921d-b86f45b5f110,2026-07-15 20:56:29.340124,debit,UPI-NAVYUG SELECTION-XXXXXX2532-UBIN9496843-645380442101-750961701595919457,22770.53,747583392,
20f82a6d-ecc7-45c9-a977-cffbb5cec14f,5fd35d6c-7bd8-47d7-9b0c-ce852e0a9f93,2026-07-14 09:04:20.740319,debit,NEFT  - AUBL7226602 - 56265062 - 292310672453 - AMAZON RETAIL INDIA,1464.79,4337976627,gPudWPcHZoF+xHdXSNPy3t/rO90sMe7Zlw==
25a21870-06a1-49ec-a144-e6765d900384,cb1b6f07-5ee6-4851-baba-09e5ca370104,2025-11-24 16:50:40.600073,debit,NEFT  - SBIN3873670 - 42549691 - 928455259710 - BHARTI AIRTEL LIMITED,4300.16,53574859,a8Q3Qj5osqiVQLEZ+qBjmrETPm1R/VrPm45lYhcV
67200d11-a3cd-45a2-a682-042b78d446f7,86d4f7ef-e0d9-445c-be56-740288327998,2026-03-25 16:22:52.650801,debit,NEFT/379705816295/ICIC/PARESH VIKRANT GHASE,8173.92,4176342507,
00b93464-4bf9-47e2-8ed5-9276dc4e9bfa,6a95c413-8216-4db8-8a5d-938da91f165e,2026-08-20 14:29:17.207388,debit,NEFT  - KKBK5759833 - 99140388 - 436604432400 - BHARTI AIRTEL LIMITED,6038.9,57276829,Nfik8Mns8NaP6bmuIF/ABmWoWcZVjk9t9CjHyBFQqHbjng==
cd1a686c-bd2c-4631-96b3-c587d6fc37c2,5fd35d6c-7bd8-47d7-9b0c-ce852e0a9f93,2026-07-13 17:21:05.432686,debit,NEFT  - KKBK2925010 - 58752568 - 065625904599 - ICICI PRUDENTIAL MF,8741.24,2711221823,
bd15657a-e6fa-4ba1-83a5-03fe37edf571,8b947903-09ec-4423-a804-386501211d7d,2026-07-08 10:34:00.959657,debit,UPI-ZOMATO ONLINE ORDERING-XXXXXX7680-TMBL6628137-214330800370-033228556608470681,292.3,39705195,YjwNMmz6Sf6M4PJZa+C/eFh9HngeN5DgSGkEglo=
20bfa562-de12-4a8d-83f8-d2b1b018d80d,cb1b6f07-5ee6-4851-baba-09e5ca370104,2026-04-23 14:13:32.024969,debit,NEFT  - KKBK8586239 - 45354614 - 707986321061 - ICICI PRUDENTIAL MF,75567.27,94394570,YdPU/oyLhB7YM1cNEr+s1rYNbVax2GE770sBqawkXw==
8cf9c87c-4ea4-4f93-b6e5-9821ee57d618,5104c168-3c0a-4f94-be43-077281f17b51,2026-03-15 15:49:02.942168,credit,NEFT  - UTIB2537657 - 69277894 - 319100900404 - BAJAJ FINANCE LIMITED,322530.31,10533651,
29382721-c0b7-436c-be57-c22ff791b1c7,68f56938-d9bc-4bb9-a4ee-c06ff4db66bd,2026-03-07 12:15:44.469750,debit,NEFT  - SBIN4731072 - 01137984 - 409712316600 - UMANG SELECTION,21404.67,209014473,76Z2MWONDqci4libYNjODmpUkv6ABZPe
7fb49964-bc78-45ab-ab46-3d453a918339,f4611490-f6cf-44c8-a399-4accf8b2fde2,2026-08-16 17:41:29.472665,debit,FT -  96873045 -  19577825588255 - SELECTION ELECTRONICS,39595.14,427865619,
41cd5faa-bccd-4271-ba47-0c003fb82140,f45bab9b-4c16-4ed6-81e0-423432ac0a3b,2026-05-28 16:46:53.835623,debit,NEFT/058295829236/ICIC/LIC OF INDIA,29703.3,8081904823,oC3gBSjEW9mqqqWfo5yTqR+gVLdtwQ3KQnYhtMSmZcTWrw==
7f25c411-aa35-4893-adb9-3a0a472f3903,6d42990c-48ca-49f4-bd48-54cc53576834,2026-05-24 17:01:16.734665,debit,UPI-SWIGGY INDIA-XXXXXX8639-CNRB6137230-817214364381-300041321147165609,765.44,46997990,23qBBb7WZDjXBTNiz4BiK2YydeokvUYPKA==
610a75d3-198a-4a9e-841f-b714adeecc89,053f06ec-cfec-4eef-bcab-383f2faba37e,2026-08-09 14:44:36.407034,debit,NEFT  - TMBL1699570 - 60717481 - 131765397054 - BHARTI AIRTEL LIMITED,5197.32,396102908,Co0W6YnB7MWqvFzOWVmNkQwWQbUGDxJkeQTdZ4EXVLtPSLRvgiRQcg==
df4a0621-8f07-41aa-acc6-c5f5cfa3f733,5a85fc4d-6354-4499-a3df-d031173d899a,2026-08-09 16:55:43.611917,debit,NEFT/491872742049/CNRB/LIC OF INDIA,17801.95,37730626,
f75c29a5-752a-40d1-89f0-9b470c4939f5,22082ad1-5884-4501-9b15-046767dc7d9d,2026-06-17 17:35:16.501093,debit,NEFT  - AUBL1122299 - 07756085 - 816704686111 - BHARTI AIRTEL LIMITED,2733.59,768321021,/q/YIiuxd7Bk2krFhTA2VhGP+EJnWntXAfbQDEVR
b9a0e5ee-0858-4bfd-b8d6-ca9a5797f76d,aff83df7-2fc5-4cbf-af20-0cd467360a5f,2026-08-30 16:49:25.029009,debit,UPI-NAVYUG SELECTION-XXXXXX9618-HDFC3324260-508018498042-537337773126881228,10433.35,819236534,e+/Gf/ulpi95EZ31ZZKiKKwgdh9g5dmmxhVRuF2YWMAGx08DPw==
12c1356d-8326-4218-a588-02facf79f26c,fe64bd3d-2ae3-48d0-9d97-be73b84a5349,2026-03-26 14:55:18.623309,credit,IMPS/P2A/679327986239/TMBL/471690618120546/00/INET/4754/SELECTIONMALIGAI/ZBFLCTP8L2PBL95478769/INWD89,43957.22,75175889,F/Wi2B0GsrjDmSEuukHj1c6f8Zoryf+Q2by92jO/MuQ=
27ac58b7-f54b-4bd1-bf6a-965dda43039d,22082ad1-5884-4501-9b15-046767dc7d9d,2026-08-08 14:59:31.476851,debit,UPI-IRCTC-XXXXXX5539-UTIB5435864-496392435885-379821433952753674,5615.16,249141686,
15f40cb1-9a37-40c8-ba30-34ad48405270,5acdb0c3-3f13-4e20-80d0-5c0abeafe36e,2026-01-26 07:02:54.073693,debit,NEFT/896340679176/UBIN/LIC OF INDIA,14394.26,,
8567861a-884d-4e9d-a413-d3b5162b86a6,7a9a63d2-a544-4767-96f9-6da5b05b365e,2026-04-01 11:05:36.776424,debit,IMPS OW/884216309001/Gautam Singh/CNRB/94463339994,4646.47,20895326,
ccd953f4-1e0a-41d8-91af-9cc8b74b1378,5acdb0c3-3f13-4e20-80d0-5c0abeafe36e,2026-05-24 18:53:28.636017,debit,NEFT  - AUBL1136337 - 92234103 - 469967331167 - ICICI PRUDENTIAL MF,47040.12,960843768,io7pFTyh+KCWp7sSA01aL1uwHIhZY/Dn
989b25a1-28bf-4a22-a102-2d7bac8f9824,fe64bd3d-2ae3-48d0-9d97-be73b84a5349,2026-04-09 12:54:02.399973,credit,IMPS/P2A/219626335564/UTIB/436970931706955/00/INET/6076/SELECTIONMALIGAI/ZBFLCTP7L2PBL61645345/INWD47,15276.38,,48ZANa6hm9/Yg4aDxfjhq3tP0ySWeJKs4amnJL0f8prSnnUkfrrrbw==
f1ee015d-0649-40d5-8f71-b4f46ab74173,5a85fc4d-6354-4499-a3df-d031173d899a,2026-01-24 22:52:01.525245,debit,UPI-SWIGGY INDIA-XXXXXX3121-RATN8041847-242642364281-319092487623039111,701.54,1785228230,QT6Qx48VriRtS56RSVzWDxJM58JbA8phk39masw=
a6e6ca91-ac39-4f16-a451-313536cfc6d1,5a85fc4d-6354-4499-a3df-d031173d899a,2026-01-06 12:04:38.385353,debit,UPI-IRCTC-XXXXXX6220-AUBL2239594-737213290162-047876886878599648,5640.16,,qlGWzZSxcp51OuPnTwQqjJGBPugT9nLnFL3cnA==
45821f59-1318-4ee6-a958-89800642d32e,afb5c851-0b42-4395-93a6-3056699af523,2026-06-08 18:56:41.914476,credit,NEFT  - RATN6664505 - 73036279 - 246320374767 - BAJAJ FINANCE LIMITED,456445.14,72603214,OjxJXUfc35JJ93/GT543qMsqV5n2xuanuyGoCFW/vKhJmjg=
4c615ea1-c6ad-48ce-be58-9526af414b40,8b947903-09ec-4423-a804-386501211d7d,2026-09-02 18:21:51.642699,debit,FT-RE9458870715-FLIPKART INTERNET PRIVATE LIMITED,12929.46,2012840083,pLPeUv+EgHlU5nWLZUT6c6HbmVp4mkXiY4mfqGz5xeJLfKg=
babaf8db-15d2-40cc-97fb-fa88c926a271,a92ea54f-8b3c-4d17-849e-762387729c9b,2026-08-17 19:36:12.437873,debit,NEFT  - RATN5450891 - 77680898 - 126574223196 - TATA POWER COMPANY LIMITED,6412.16,,
1be638c1-d059-4641-b3f3-2b01a793d42f,57631ab4-2754-457b-a416-ee6e248c90e8,2026-05-31 16:32:19.523107,credit,R/RATNR58943012047137/ZBFLCTP271PBL17595749//SELECTRICITY TWO PRIVATE LIMITED/RATNR58943012047137 /SELECTRICITY TWO PRIVATE LIMITED,245499.01,5582984933,1albciAHuuRhtljk1OsKi39D8l4NGsgqd4ui8amIvXNn+l5aPg==
f053cc94-560a-4284-901d-a5ec049187a3,5a85fc4d-6354-4499-a3df-d031173d899a,2026-04-14 18:27:54.246532,debit,NEFT  - RATN4412833 - 37218856 - 669541329715 - AMAZON RETAIL INDIA,234578.76,705514377,tghttOU34rSEHUujZvYIyXkwefbDYjg1HpykZyDmOdlCPnoj
6594d66f-96d5-4221-adc6-1a5b0f6cb3d5,86d4f7ef-e0d9-445c-be56-740288327998,2026-07-21 09:02:37.086345,credit,NEFT  - RATN2529596 - 11110286 - 712007202455 - BAJAJ FINANCE LIMITED,433029.12,,
44cce046-f446-44f8-a9a5-9b07d5a2d775,5104c168-3c0a-4f94-be43-077281f17b51,2026-06-10 10:02:05.061601,debit,NEFT  - UTIB2671494 - 98194217 - 942817934065 - SELECTION MOBILE,82480.96,584466345,
1850f420-ff71-471b-957c-788a4fecbf2c,afb5c851-0b42-4395-93a6-3056699af523,2025-12-16 14:24:11.851987,debit,R/RATNR52172214559376/ZBFLCTP618PBL94370526//GST PAYMENT NETWORK/RATNR52172214559376 /GST PAYMENT NETWORK,111914.53,,
abadc320-bd62-4736-945b-2dd84a9b575c,5fd35d6c-7bd8-47d7-9b0c-ce852e0a9f93,2026-03-03 22:17:33.409668,debit,NEFT  - UBIN5725659 - 20246175 - 202389743260 - BHARTI AIRTEL LIMITED,7052.31,5955017833,
05c896ab-bfd3-49bb-a66c-d5bbd2a5459c,3d33ba68-1c96-4647-921d-b86f45b5f110,2026-05-08 15:49:07.896777,debit,UPI-IRCTC-XXXXXX6079-TMBL4870450-691767993593-744039464083037360,2751.06,886084907,FEt4eSEK7ecWaX9YHbhZoAKe8c/kkJ/+8YtDAawg
0d0b83f8-b544-4eb8-9d97-a242d0cdefe2,053f06ec-cfec-4eef-bcab-383f2faba37e,2025-11-10 15:34:44.575333,debit,NEFT/852830615370/ICIC/PARESH VIKRANT GHASE,2383.22,244626325,
f4f73053-a3e3-4945-8645-8dcb76e01f75,8b947903-09ec-4423-a804-386501211d7d,2025-10-21 13:53:42.979156,debit,UPI-NAVYUG SELECTION-XXXXXX2103-ICIC4217518-878179415152-638409112252883750,21730.49,186323979,hh5p2EsJBVZ5xzmCAz+Qa+FCn04elvCIEVs=
83210885-e480-4df6-bb59-ee8952ce7736,5fd35d6c-7bd8-47d7-9b0c-ce852e0a9f93,2026-08-21 15:42:08.729711,debit,NEFT  - UBIN5530073 - 09505560 - 571219881927 - BHARTI AIRTEL LIMITED,4701.94,5190534864,
f63f7fe5-5dff-4637-9247-5a90b1849366,053f06ec-cfec-4eef-bcab-383f2faba37e,2025-12-21 08:51:45.575601,debit,IMPS OW/245618517446/Gautam Singh/HDFC/04521289915,655.53,512939130,
05b609a7-2dcc-45a9-b9ab-4f7612bb0b84,68f56938-d9bc-4bb9-a4ee-c06ff4db66bd,2026-08-11 22:15:26.005543,debit,R/RATNR58416046154021/ZBFLCTP190PBL17075681//GST PAYMENT NETWORK/RATNR58416046154021 /GST PAYMENT NETWORK,146855.48,3152291073,hrTnaTDhs5CFaXrBtIEm0vQqT+M5DmyGOuplNg==
cd58a3d0-c7df-4627-9d8f-0ba56e75e6d2,5acdb0c3-3f13-4e20-80d0-5c0abeafe36e,2026-08-26 18:08:13.289982,debit,UPI-IRCTC-XXXXXX9378-UTIB0639638-452696944391-649701693429291320,1615.88,,
d3ac9257-d8ae-49f4-bb04-5220d2176816,5104c168-3c0a-4f94-be43-077281f17b51,2026-07-24 15:17:11.446853,debit,NEFT  - UTIB1061537 - 22155668 - 473236533774 - UMANG SELECTION,19185.68,720078436,
8f1c3981-d875-4cd4-9db9-6aa02a548f1a,41ae105e-66ef-41bd-9300-dd72d5fc706e,2026-09-02 09:15:57.296551,debit,FT -  81975437 -  34764273720376 - SELECTION ELECTRONICS,23604.2,14584148,TDOZnUe3uKzbrbXu2y3xbHVuHC1oXk77hf3Qdo++4RK8JV2z
e1096aae-a03d-4b2f-9557-f2caff5141fb,86d4f7ef-e0d9-445c-be56-740288327998,2026-07-14 13:34:21.517105,debit,IMPS OW/899827802058/Gautam Singh/UBIN/95073214644,2972.34,9995167933,FiqOm+LrTjCPq4z7XQm+FYyrTB+2/B33wJ7TfzMEY4ZTqQ==
8f581e3a-1bf1-422a-9993-3b9994c9e09a,57631ab4-2754-457b-a416-ee6e248c90e8,2026-02-14 13:47:13.229082,debit,NEFT/801192360376/TMBL/PARESH VIKRANT GHASE,14941.36,,Yj5ohm2d0O+NysqO1ivdPGyifrrv9GEF78GCKRuLQlKrfsD/NkE=
cd4d3f03-8f12-4f51-b94f-0136e908aa13,7a9a63d2-a544-4767-96f9-6da5b05b365e,2026-03-09 12:11:52.164578,debit,UPI-SWIGGY INDIA-XXXXXX0409-UBIN1497315-391149830748-207365118939406557,1290.39,,6x1FtYshfhK/7v5B8E+80OgLp/CCb5a9
bc0c1b0c-9940-45d2-8478-aa0d0c7b1ec2,f4611490-f6cf-44c8-a399-4accf8b2fde2,2026-07-11 11:43:53.936273,debit,NEFT/233324707392/HDFC/PARESH VIKRANT GHASE,2209.21,54621276,
c709717f-a377-4d4b-b7bd-3074d25b0e8d,7a9a63d2-a544-4767-96f9-6da5b05b365e,2026-08-11 20:17:20.272869,debit,FT-RE1231261632-FLIPKART INTERNET PRIVATE LIMITED,10480.25,8995729893,QpgVxdIQzE6oZuZt1eWNwB55mRoNHKuObpkLyuh2vqVtmLfy9w==
a7bedf7a-412f-4aea-9460-5f9e9dbe6765,ec452e26-b8d3-428d-af60-6deea71df335,2026-07-18 10:52:11.046156,debit,NEFT  - HDFC3646871 - 91203818 - 769208283230 - ICICI PRUDENTIAL MF,53299.52,38815881,
7f4cafcf-099e-494a-b9c7-ea9715f13f44,1354136a-44db-426e-af7e-1d4bbb105b56,2026-08-24 11:48:47.847220,debit,FT-RE3231829716-FLIPKART INTERNET PRIVATE LIMITED,27534.49,5724500000,Ki61KBjYCNkJBxQw5zKiv0/yX9y6FYtD
2cb614b5-973e-4d8e-b81a-6e3bc743ba06,be2cec6e-9807-4799-b9d3-faf67ee60668,2026-08-30 19:29:01.046290,debit,R/RATNR51371785090255/ZBFLCTP618PBL44421829//GST PAYMENT NETWORK/RATNR51371785090255 /GST PAYMENT NETWORK,340708.91,781224890,ut962wC29wVmyRIoQKmlxwjGuZO83kg3t5YjTPfbs96xza72Hg1Q
809a48f7-13fd-49eb-b8b9-7f9839d0ff94,5a85fc4d-6354-4499-a3df-d031173d899a,2026-03-31 06:49:39.816435,debit,NEFT  - HDFC4365515 - 84826691 - 362483550542 - ICICI PRUDENTIAL MF,79588.29,80706336,t02RVJRSkpwvsfWNYi1uRxrXQ+1Gx6b4ejLMhnkINzF06WzqKZw=
e2977412-187c-43c9-9892-22502b4f47fa,aff83df7-2fc5-4cbf-af20-0cd467360a5f,2026-07-24 18:10:22.992101,debit,UPI-IRCTC-XXXXXX2104-HDFC1648188-044287738363-816432126942894642,418.04,2586314417,mfKg4NTN2HsdgXrO2AbRwf5Qj79NhkTMZifPnO3XJeJ87JH4
09319ca5-4597-4f1e-b7f3-d3271fc28041,cb1b6f07-5ee6-4851-baba-09e5ca370104,2026-01-06 08:06:45.628993,debit,UPI-SWIGGY INDIA-XXXXXX0263-CNRB5824301-764644898803-153888245279050404,639.58,53849516,pZ1/XB+QweOK4iuSHMpsc71+Bxc0g2IusiX4Jw==
5689b232-408f-45f2-9c23-509e2f5df28d,5fd35d6c-7bd8-47d7-9b0c-ce852e0a9f93,2026-08-17 22:59:00.256257,debit,NEFT  - ICIC8093391 - 37326530 - 601198756178 - TATA POWER COMPANY LIMITED,15734.06,0023009156,
51df50d6-3cbb-431f-80dc-f44ee7c56d84,0d369ec1-81e7-4228-b206-cda903b192dd,2026-08-25 20:17:21.354098,debit,NEFT  - AUBL7449160 - 93659520 - 149118941843 - AMAZON RETAIL INDIA,10795.05,92632239,K2UN7xK+xKEjS2LUz05JSLYIjIYB9d5S4khVgA==
9a606320-4fa3-4ee1-bcd9-1ffddbfcfa30,8b947903-09ec-4423-a804-386501211d7d,2026-01-17 06:02:12.917324,debit,FT-RE1404288605-FLIPKART INTERNET PRIVATE LIMITED,24142.92,376660811,nVk5XZGrdWTKn6bsy652fAnLqiidTTl/aLRkRtDTdHSYnhIc8Q==
fb2cae73-0c8f-4c34-9fd5-039169ba69ad,ec452e26-b8d3-428d-af60-6deea71df335,2026-01-11 20:49:12.359251,debit,NEFT  - CNRB6691062 - 71531234 - 550688269177 - SELECTION MOBILE,55541.04,93844013,rCcGtAsG46nJQOn6O/1s4HSXfN66vEq8
0ae70b0c-a508-4afd-b00e-08bc2de6adda,86d4f7ef-e0d9-445c-be56-740288327998,2025-12-26 20:05:56.547579,credit,NEFT  - AUBL8826033 - 59101570 - 908599144920 - BAJAJ FINANCE LIMITED,457326.38,926999699,lOj4sWm+BdIj3eb2p4tjVytuiGKAfRzQuhrqrM07WmI7
dfd1097b-1e86-41b5-8958-7de7a527bef7,6a95c413-8216-4db8-8a5d-938da91f165e,2025-10-15 21:09:25.671339,credit,NEFT  - TMBL5969325 - 91408499 - 323123426698 - BAJAJ FINANCE LIMITED,580314.02,,UduecwS58i3oTU4fAJUtn1cIzt4HHQ6R
0f4c6189-cef0-48cd-b51c-0a09851e5798,5fd35d6c-7bd8-47d7-9b0c-ce852e0a9f93,2026-04-21 17:26:40.076340,debit,NEFT  - UBIN0723483 - 89359538 - 280405612996 - UMANG SELECTION,15629.57,69582641,qsxrJJieZtHFviFPfTFZO6q4BAlJ7w/XiB45fTTQtsOVX7a6
17586b29-4c75-48af-829d-9ee67d5a4fcb,5104c168-3c0a-4f94-be43-077281f17b51,2026-04-06 16:03:29.427599,credit,IMPS/P2A/876123859514/UTIB/468239484002730/00/INET/0869/SELECTIONMALIGAI/ZBFLCTP6L2PBL61016831/INWD13,57930.39,01680941,
06108314-fee7-4274-87e3-443eeecc6169,3d33ba68-1c96-4647-921d-b86f45b5f110,2026-02-02 21:46:40.866130,debit,FT-RE9762053440-RELIANCE DIGITAL RETAIL LTD,134879.18,207266292,VD8Ds7Pbq3097D8+wtCEa0100oMDreI46Sg=
f18b6e17-aafd-4ea7-a928-f16b69de75cd,053f06ec-cfec-4eef-bcab-383f2faba37e,2026-06-28 22:42:20.138785,debit,NEFT  - HDFC2991406 - 88413337 - 312552356178 - BHARTI AIRTEL LIMITED,8380.92,21192061,
e58ba55b-fec7-4a6e-86b4-c9db91580223,1354136a-44db-426e-af7e-1d4bbb105b56,2026-08-21 21:34:06.972747,debit,NEFT  - TMBL9561337 - 18444902 - 950264801644 - TATA POWER COMPANY LIMITED,17918.86,,
81715eb0-c44b-47fb-93a6-cb573500cbe1,5fd35d6c-7bd8-47d7-9b0c-ce852e0a9f93,2026-08-02 20:47:01.516765,credit,R/RATNR57822102179821/ZBFLCTP348PBL62985797//SELECTRICITY TWO PRIVATE LIMITED/RATNR57822102179821 /SELECTRICITY TWO PRIVATE LIMITED,131852.58,83182856,
6e0ad1a5-f1ce-41ff-ba21-efcdd80a48d1,57631ab4-2754-457b-a416-ee6e248c90e8,2026-03-16 11:04:36.145483,debit,R/RATNR56177067368205/ZBFLCTP068PBL21223552//GST PAYMENT NETWORK/RATNR56177067368205 /GST PAYMENT NETWORK,61370.78,5058714692,o/3wixstf1hds3dKx/KbarIwcZqVk4zsGQpBYXgh+XU++mnH7CfQ5A==
ae908028-e2bc-4459-a7f0-7064c851da69,6d42990c-48ca-49f4-bd48-54cc53576834,2026-05-06 11:01:59.645485,debit,UPI-ZOMATO ONLINE ORDERING-XXXXXX7908-RATN8436998-480220509386-948424959881145788,1253.14,71523867,YydxNFFdC34gpz8jxPfCVngk0LWP4oqlc2/MYSac
2b69011c-ec76-4278-9420-4966f701e7d0,5acdb0c3-3f13-4e20-80d0-5c0abeafe36e,2026-04-22 06:43:07.176076,debit,NEFT  - UBIN1917798 - 76829968 - 722589370858 - TATA POWER COMPANY LIMITED,2010.47,50405669,TIcCNEw69WmygYmrtLUav99ldqgC38h7LG10IHC5ifVYq4/aJlg=
28f4e846-8750-4df4-87f2-50f4bfb63612,aff83df7-2fc5-4cbf-af20-0cd467360a5f,2026-08-10 16:24:10.603396,debit,IMPS OW/554428679632/Gautam Singh/CNRB/94232894633,2776.29,1562415285,7dkB2cajWbiYhDdGfTGsMhFCa8PMQs9yM/ExwCgQkNy/t014Bxar
400650c0-0da4-449b-8408-e08c6d1e0602,6d42990c-48ca-49f4-bd48-54cc53576834,2026-01-21 15:52:16.235097,debit,FT-RE9335895138-RELIANCE DIGITAL RETAIL LTD,20400.54,78468509,uJ7DV70HnPSReAi3+aEx7RdR/4gyRvTh75CA0JR1Q0yus4gvQSNd
464edeca-c6f1-4238-92c9-e2199e19155a,3d33ba68-1c96-4647-921d-b86f45b5f110,2026-06-03 22:06:15.837606,debit,FT -  49189117 -  97203859340153 - SELECTION ELECTRONICS,38535.11,55313259,0O8z9R8nem78n5GWxDJCy2q9IaBB229mVYp/nCiVDxgl6q5Fdw==
b16fbe82-19f2-4949-b3c4-db5a4df671c0,0743cf10-caee-4d46-97d1-adcaf7bfe4fe,2025-11-03 09:44:37.549161,debit,FT-RE5009421410-FLIPKART INTERNET PRIVATE LIMITED,29612.51,,PWRpsCEPSqv8WP3A6P6uIVDNJkUYU742a5RnIgxNhNqZFwf8RWBwng==
a9950110-9cc1-4a1a-927d-06a4abe0dd6e,5a85fc4d-6354-4499-a3df-d031173d899a,2026-05-19 14:34:40.356029,debit,NEFT  - RATN2704523 - 88856225 - 866059867874 - BHARTI AIRTEL LIMITED,3038.53,,AxFveAeMiJWEfWJA1dMzc+FiesfVEuLFEX/Wtt2TVZvWnw==
fe2415c8-0cd7-4dc1-98a0-d7603859f622,57631ab4-2754-457b-a416-ee6e248c90e8,2026-01-09 16:04:13.005840,debit,R/RATNR55594282491165/ZBFLCTP020PBL00245393//GST PAYMENT NETWORK/RATNR55594282491165 /GST PAYMENT NETWORK,54919.12,,DmKEzMeh+usy+HcavZloW6Gz6lh6S1ltGAp3
9de0c8d2-2b16-490b-b0da-c36afa34a82c,0d369ec1-81e7-4228-b206-cda903b192dd,2026-08-06 10:56:53.676486,debit,UPI-ZOMATO ONLINE ORDERING-XXXXXX7083-UBIN8214448-896699727367-746202582543183281,1895.21,,
a6904c33-e507-4d3b-a94f-41553b9a6720,68f56938-d9bc-4bb9-a4ee-c06ff4db66bd,2026-07-15 20:20:16.783104,debit,FT -  91060183 -  64723875082768 - SELECTION ELECTRONICS,65024.17,,
f460a3c0-c980-4123-88b9-c33a29648297,5acdb0c3-3f13-4e20-80d0-5c0abeafe36e,2025-11-26 16:41:23.736593,debit,UPI-SWIGGY INDIA-XXXXXX7262-RATN0529187-683160827172-173373992052229993,1669.04,65914388,
c46e77cb-dec0-42ba-9c22-efeca7be43b4,ec452e26-b8d3-428d-af60-6deea71df335,2026-04-19 21:39:45.760248,debit,NEFT/584461777326/KKBK/PARESH VIKRANT GHASE,4083.46,,mn5YSB9pK2SSJpH1NTQ8sMo+0dGNavcEPxvLOMOI6zE=
a74b17ca-06e7-4b07-86c9-06bcc37ddc80,aff83df7-2fc5-4cbf-af20-0cd467360a5f,2026-01-26 21:38:51.985375,debit,NEFT  - AUBL9970292 - 71205397 - 871375298832 - UMANG SELECTION,8521.86,25608320,RPxEwV5Ah4XTJ58sEDw/E7qTpXima+BnExS9+NXJykY=
9a62da09-0619-4d9e-a642-c5d77e5f83cf,0743cf10-caee-4d46-97d1-adcaf7bfe4fe,2026-04-19 17:42:01.096967,debit,NEFT  - CNRB3585238 - 60030443 - 619951715239 - TATA POWER COMPANY LIMITED,16376.64,,
66ab0008-29f3-4921-b345-b6812e5076d5,3d33ba68-1c96-4647-921d-b86f45b5f110,2025-11-19 07:07:39.756726,credit,NEFT  - AUBL4830930 - 96713971 - 912602213217 - BAJAJ FINANCE LIMITED,305055.76,01911166,
ee4a9e77-24b8-4bda-82c5-361dbb859648,0743cf10-caee-4d46-97d1-adcaf7bfe4fe,2026-08-17 12:44:54.384541,debit,NEFT  - SBIN5873393 - 04936653 - 802748124211 - SELECTION MOBILE,39858.45,6825095229,
5d46dc34-0f83-4c16-b174-97a3c140cebe,053f06ec-cfec-4eef-bcab-383f2faba37e,2026-08-02 10:55:18.556843,debit,UPI-SWIGGY INDIA-XXXXXX1039-RATN5297013-712436585856-423041202706159273,1292.93,99071669,
bbdb2fdc-90ac-4f83-8b10-4fb561f78bae,0d369ec1-81e7-4228-b206-cda903b192dd,2026-06-02 09:08:53.849438,debit,NEFT  - CNRB4203403 - 01095679 - 756491579554 - UMANG SELECTION,18731.29,,
7de3ea1c-eee4-4f41-af44-535b0498d194,5fd35d6c-7bd8-47d7-9b0c-ce852e0a9f93,2026-02-10 17:28:06.155327,debit,IMPS OW/601080181030/Gautam Singh/UBIN/83176417268,308.85,,
19e8cbc3-0be2-486b-b5cd-5316691cf265,689eb9ff-51c2-4159-adc0-a32bf07bed77,2026-06-16 19:38:16.520276,debit,R/RATNR51507138067130/ZBFLCTP735PBL10458474//GST PAYMENT NETWORK/RATNR51507138067130 /GST PAYMENT NETWORK,115757.38,30096258,jyK3FqgfBMYm/XJjzMcJL3XvKO/O8rzsRMgHOF/9rJAuCB0=
19b6976f-60f7-4043-8f85-1bc9cc1a5df7,ec452e26-b8d3-428d-af60-6deea71df335,2026-07-01 09:19:21.657286,debit,FT -  18053396 -  27466621591832 - SELECTION ELECTRONICS,64455.57,,JRAMHAhPGHPmsF0o3giQksmg2uJPvl4EW5Kit0eCeSS7ZUpR
9e48c780-4e3a-4dd6-8470-23c210e72f8c,689eb9ff-51c2-4159-adc0-a32bf07bed77,2026-04-05 07:51:37.312086,debit,R/RATNR51107977140049/ZBFLCTP388PBL19490531//GST PAYMENT NETWORK/RATNR51107977140049 /GST PAYMENT NETWORK,171999.64,,
e871d0f5-07b1-4892-99af-47a1cd8648b9,1354136a-44db-426e-af7e-1d4bbb105b56,2026-07-19 11:13:47.722347,debit,NEFT  - UBIN9873137 - 97166984 - 166123740779 - ICICI PRUDENTIAL MF,30286.54,,
f72edef4-cbfc-4e0a-9279-1d5a81593b80,cb1b6f07-5ee6-4851-baba-09e5ca370104,2026-01-27 20:56:56.373346,debit,UPI-IRCTC-XXXXXX9919-AUBL0142620-370878211602-041813599898972117,5786.36,8948018644,wyfX4gbxsM+q8jxGLEuShnnU6PP547pdurqdVZI=
9ec552a7-5512-42c0-b4b8-aaf11344fea4,22082ad1-5884-4501-9b15-046767dc7d9d,2026-08-20 19:02:31.943285,debit,UPI-IRCTC-XXXXXX9785-AUBL0820048-067571236914-961128794296882769,5676.64,040953141,a9QIVpvvu/nuIDUNMMbrfPX5dsNJh/IAbmxwA279vbXgQsEquQ==
422360b6-0a04-496e-be01-0d91ff936256,86d4f7ef-e0d9-445c-be56-740288327998,2026-06-14 15:09:04.465511,debit,NEFT/274883565179/UBIN/LIC OF INDIA,10451.76,6496683496,
44e150bc-8baa-4bc6-ba48-6eed8c463d1b,6a95c413-8216-4db8-8a5d-938da91f165e,2026-07-08 10:48:33.466799,debit,FT -  85162259 -  36488208934868 - SELECTION ELECTRONICS,64218.47,,QTiUiKfP3IdJ3I5la+/KZm2HMsjJBkgxazIq42+oURw=
c01e6819-6d04-48e7-abe0-d5a2f16bdd06,8b947903-09ec-4423-a804-386501211d7d,2025-11-20 17:58:17.786931,debit,NEFT  - UBIN0911413 - 19359236 - 133760523045 - ICICI PRUDENTIAL MF,57847.91,,ZoNnFtfRzpBGnBo33x9QFeiN8Fah4J8y
2e594cb4-41ed-469e-869e-766b291c4181,1354136a-44db-426e-af7e-1d4bbb105b56,2026-05-16 09:50:14.880525,credit,NEFT  - SBIN4191650 - 34409661 - 771824989808 - BAJAJ FINANCE LIMITED,370520.91,67821417,
c32c5706-7e2f-4c2a-8a3c-4e0fbadf1db3,aff83df7-2fc5-4cbf-af20-0cd467360a5f,2025-10-21 10:06:32.607407,debit,UPI-ZOMATO ONLINE ORDERING-XXXXXX6648-UBIN9893969-874869415594-501192920753605117,380.79,39886365,
dec21807-cf65-4220-8789-77ab5478ceeb,d533a893-1d00-4307-8664-2ae95a82f066,2026-01-28 16:34:57.030601,debit,IMPS OW/590670009942/Gautam Singh/KKBK/89420466489,2231.05,56420456,HYNP3m8zqJ1HFX+xMYrbVPHexKDP6Vsqttr23Whl/xw8QgS030V5
7decbe4c-546c-42f7-9ca3-7f81aa8e82c2,0743cf10-caee-4d46-97d1-adcaf7bfe4fe,2026-02-25 19:10:54.195809,debit,R/RATNR54533890623546/ZBFLCTP622PBL65401659//GST PAYMENT NETWORK/RATNR54533890623546 /GST PAYMENT NETWORK,311955.27,,
301fe6bd-bafc-4534-8fc7-58f885ee5cd2,aff83df7-2fc5-4cbf-af20-0cd467360a5f,2026-08-25 17:28:59.823754,debit,NEFT  - SBIN4276774 - 62591601 - 124115848860 - UMANG SELECTION,3226.41,0179867782,
be553f8d-787b-43cd-be3f-f1d8b1c30fab,5acdb0c3-3f13-4e20-80d0-5c0abeafe36e,2026-05-22 14:23:51.788971,debit,FT -  72642612 -  12038437536596 - SELECTION ELECTRONICS,78643.86,254824218,3MbgPF17PveXkhKQOTWZnM9HILOneLy6qlPs+Bdl4A==
11da0085-f650-495e-a9d1-5c98e1edb738,5a85fc4d-6354-4499-a3df-d031173d899a,2025-12-31 21:22:45.013228,debit,IMPS OW/064454752311/Gautam Singh/SBIN/32748979177,4515.73,34272038,gHfx1hkiTYrHb6G99VLJe4MAazgX1HzakJrpXMY=
1c62c232-7988-4263-8136-0850f4bcdd14,5a85fc4d-6354-4499-a3df-d031173d899a,2026-05-17 18:28:30.529694,debit,NEFT/196304530693/CNRB/LIC OF INDIA,26575.6,49353400,PY60mNgKQgCvP2OKos9DjHcZcuA44LDsn8NU
cd0a25a8-b944-44c8-8ab1-f4fb25e45745,8b947903-09ec-4423-a804-386501211d7d,2025-12-01 07:19:20.504617,credit,NEFT  - UBIN5244454 - 46083851 - 799378105391 - BAJAJ FINANCE LIMITED,173541.78,8486999698,obEk1qDkcezaWUzfF110HiS5MuQdtO1PeaDTwQ==
8436f3d3-9ef3-4a78-a264-70ad366999f7,7f325976-2dd9-4e47-8052-ae9e2a26601d,2026-08-11 22:59:03.746261,debit,R/RATNR57147246301986/ZBFLCTP424PBL23839728//GST PAYMENT NETWORK/RATNR57147246301986 /GST PAYMENT NETWORK,133023.6,21870629,
0354b418-d68f-4f44-b708-579e45dfd1e9,ec452e26-b8d3-428d-af60-6deea71df335,2026-08-08 18:50:05.302790,debit,R/RATNR52210102320018/ZBFLCTP676PBL61008987//GST PAYMENT NETWORK/RATNR52210102320018 /GST PAYMENT NETWORK,363135.66,,piTdMhOgrQ+Ep1Aj5u3lzH3zpGZrRMhY6+32zvCWer17
5d44a774-fce4-4711-965c-e314061be9f2,86d4f7ef-e0d9-445c-be56-740288327998,2026-06-28 08:04:00.948947,debit,NEFT  - TMBL4531980 - 74682354 - 695100307620 - SELECTION MOBILE,49446.53,967150066,OPnkPoVvUZV8ooIRS2gXFcrUueqo2Y6hsi45JuXmeEnVfJ12
49c1c077-5add-4b88-a410-2853b4cdda56,fe64bd3d-2ae3-48d0-9d97-be73b84a5349,2025-11-26 09:30:33.715263,debit,NEFT  - KKBK1134078 - 51699497 - 089058366834 - AMAZON RETAIL INDIA,25151.27,9626970838,ilDtV5TzfuHeiI+EvDDdkIJnJ0sMgkpxXsvJ4GRakhX2J2IcXHp4lA==
b84b18a7-47bb-4206-a053-a23d60b699d7,8b947903-09ec-4423-a804-386501211d7d,2025-11-09 08:50:29.378752,debit,NEFT  - CNRB0596257 - 19760932 - 012657898260 - BHARTI AIRTEL LIMITED,3073.17,,CyrP8EYEPOopFbRylnOJVsjkP0xgJSH/ILqVN45Y5H3fIw4=
5ce8c984-9c59-4c20-811f-a39b13f26d45,d533a893-1d00-4307-8664-2ae95a82f066,2026-05-25 06:45:36.018939,debit,UPI-ZOMATO ONLINE ORDERING-XXXXXX1777-KKBK1274692-118824199626-422297589170454218,997.21,056820922,LHvO8suoThTztO164zns0XLjStgp/8RxGbP2fGY/cSR3Vpg=
55930c7a-47a0-404e-be90-d04efb29f81d,8b947903-09ec-4423-a804-386501211d7d,2026-06-29 18:59:34.969089,debit,NEFT  - UBIN3564072 - 32472828 - 954001788224 - SELECTION MOBILE,88312.6,,
afc0f69c-1744-49c7-aa65-8f4d8f293b53,5104c168-3c0a-4f94-be43-077281f17b51,2026-07-16 14:17:30.803199,debit,UPI-SWIGGY INDIA-XXXXXX7105-TMBL0119509-271152610537-092300716950074189,1759.68,432987698,Evn5Bgj+9reqhYINPaLIkd6o0uzKp4Oxy3RcxB2tDBpDF2ZCNw==
02c0777d-00b0-4bad-abb6-a54d7081f8e5,2dcf9d25-1ad7-4b16-812e-6dec52d96340,2026-06-16 13:45:16.934276,debit,NEFT  - ICIC9827348 - 13104502 - 589632174357 - UMANG SELECTION,12473.24,52680648,UoetQegjyvrUEizcgBKuBQkcImoJgphOACtjMSVp1HLXyHuE+w==
d18ce2df-2ba9-4bee-b694-acbd5c29444e,3d33ba68-1c96-4647-921d-b86f45b5f110,2026-05-05 16:57:49.340317,credit,NEFT  - TMBL4253646 - 28055077 - 406579551562 - BAJAJ FINANCE LIMITED,202994.99,,w2oqsIaWXhQ9lWo93F2cPZyFopxdU/5/KQ==
8c832afb-e95a-480b-8929-cc1ce753983d,f4611490-f6cf-44c8-a399-4accf8b2fde2,2026-09-04 19:48:51.733621,debit,NEFT  - AUBL4091311 - 17861902 - 547602206953 - UMANG SELECTION,14659.7,120122759,HVK3okYDR4XilGpn84MkGvvsTBZ5RZZ0fQ==
9b6c7c99-360e-4369-9f31-b8038ce05ce3,be2cec6e-9807-4799-b9d3-faf67ee60668,2025-11-26 09:00:17.365124,debit,NEFT  - CNRB1532594 - 79507407 - 173279805950 - SELECTION MOBILE,110306.99,00649340,
2af3df68-6946-42e6-90a0-850ffec2a4c3,f4611490-f6cf-44c8-a399-4accf8b2fde2,2025-11-05 07:04:34.405649,credit,R/RATNR53608941184913/ZBFLCTP599PBL28553595//SELECTRICITY TWO PRIVATE LIMITED/RATNR53608941184913 /SELECTRICITY TWO PRIVATE LIMITED,101277.77,00679900,n197USJ163DzKDeewZnhhLlLtW/XdvcCbyQ3m4JdhG29suSo0w==
40e2283b-ea2b-4a0d-afaa-a1064698f4d0,41ae105e-66ef-41bd-9300-dd72d5fc706e,2026-08-17 18:11:18.110905,debit,NEFT  - KKBK0378423 - 39449530 - 067762550325 - TATA POWER COMPANY LIMITED,15255.08,,xAGjsA/o6hzosrFoiaKEf049kKQO6/3HRk0Y5DeTSwo=
3c3bc82b-fd38-4f07-92c1-242da185a258,7360e8b0-af86-49a8-b2f5-ada877290072,2026-01-11 06:18:57.711289,debit,NEFT  - SBIN9029233 - 45110090 - 605308868430 - TATA POWER COMPANY LIMITED,4423.47,,UYotSem5LmwffE9xpB5IGD1tTqOLNImeD/s4UgFXug==
650dfb40-3a1f-48f2-add5-c95d4869840c,5fd35d6c-7bd8-47d7-9b0c-ce852e0a9f93,2026-01-15 22:36:58.512578,debit,UPI-ZOMATO ONLINE ORDERING-XXXXXX5988-AUBL5921299-642603362027-558214770920711523,1841.5,36219215,+8PJ+rIdCklLZ6bQEFdGBSg/zvObMapZmrhei3wMXf6bO+Ih0NXXMA==
35c19255-9ade-4891-9d10-5072c55b7bdd,fe64bd3d-2ae3-48d0-9d97-be73b84a5349,2025-11-21 21:57:11.842746,debit,FT -  91611863 -  85588195977216 - SELECTION ELECTRONICS,219568.52,378931869,lhsRWRY3QIcYSLtBql6wCVCwq9l5EAQON+i/ZezW/GfkEnSsLpgI7Q==
7f2144c4-c446-4faa-bc36-54545b43de8b,5acdb0c3-3f13-4e20-80d0-5c0abeafe36e,2025-11-08 10:14:54.137573,debit,UPI-IRCTC-XXXXXX5401-TMBL2272002-839482322041-447432811659930202,505.86,,
